census_tract,fips,long_name,population,jurisdiction
010100,17031010100,"Census Tract 101, Cook County, Illinois",4854,CHI
010201,17031010201,"Census Tract 102.01, Cook County, Illinois",6450,CHI
010202,17031010202,"Census Tract 102.02, Cook County, Illinois",2818,CHI
010300,17031010300,"Census Tract 103, Cook County, Illinois",6236,CHI
010400,17031010400,"Census Tract 104, Cook County, Illinois",5042,CHI
010501,17031010501,"Census Tract 105.01, Cook County, Illinois",4091,CHI
010502,17031010502,"Census Tract 105.02, Cook County, Illinois",3101,CHI
010503,17031010503,"Census Tract 105.03, Cook County, Illinois",2290,CHI
010600,17031010600,"Census Tract 106, Cook County, Illinois",6097,CHI
010701,17031010701,"Census Tract 107.01, Cook County, Illinois",3864,CHI
010702,17031010702,"Census Tract 107.02, Cook County, Illinois",5143,CHI
020100,17031020100,"Census Tract 201, Cook County, Illinois",3965,CHI
020200,17031020200,"Census Tract 202, Cook County, Illinois",6676,CHI
020301,17031020301,"Census Tract 203.01, Cook County, Illinois",4750,CHI
020302,17031020302,"Census Tract 203.02, Cook County, Illinois",4650,CHI
020400,17031020400,"Census Tract 204, Cook County, Illinois",4168,CHI
020500,17031020500,"Census Tract 205, Cook County, Illinois",6214,CHI
020601,17031020601,"Census Tract 206.01, Cook County, Illinois",6353,CHI
020602,17031020602,"Census Tract 206.02, Cook County, Illinois",4340,CHI
020701,17031020701,"Census Tract 207.01, Cook County, Illinois",1704,CHI
020702,17031020702,"Census Tract 207.02, Cook County, Illinois",7194,CHI
020801,17031020801,"Census Tract 208.01, Cook County, Illinois",5458,CHI
020802,17031020802,"Census Tract 208.02, Cook County, Illinois",6963,CHI
020901,17031020901,"Census Tract 209.01, Cook County, Illinois",5221,CHI
020902,17031020902,"Census Tract 209.02, Cook County, Illinois",4286,CHI
030101,17031030101,"Census Tract 301.01, Cook County, Illinois",3893,CHI
030102,17031030102,"Census Tract 301.02, Cook County, Illinois",3204,CHI
030103,17031030103,"Census Tract 301.03, Cook County, Illinois",1928,CHI
030104,17031030104,"Census Tract 301.04, Cook County, Illinois",3681,CHI
030200,17031030200,"Census Tract 302, Cook County, Illinois",5369,CHI
030300,17031030300,"Census Tract 303, Cook County, Illinois",3322,CHI
030400,17031030400,"Census Tract 304, Cook County, Illinois",2684,CHI
030500,17031030500,"Census Tract 305, Cook County, Illinois",6395,CHI
030601,17031030601,"Census Tract 306.01, Cook County, Illinois",4012,CHI
030603,17031030603,"Census Tract 306.03, Cook County, Illinois",2095,CHI
030604,17031030604,"Census Tract 306.04, Cook County, Illinois",2976,CHI
030701,17031030701,"Census Tract 307.01, Cook County, Illinois",1549,CHI
030702,17031030702,"Census Tract 307.02, Cook County, Illinois",1630,CHI
030703,17031030703,"Census Tract 307.03, Cook County, Illinois",2830,CHI
030706,17031030706,"Census Tract 307.06, Cook County, Illinois",3599,CHI
030800,17031030800,"Census Tract 308, Cook County, Illinois",4326,CHI
030900,17031030900,"Census Tract 309, Cook County, Illinois",3028,CHI
031000,17031031000,"Census Tract 310, Cook County, Illinois",3656,CHI
031100,17031031100,"Census Tract 311, Cook County, Illinois",4402,CHI
031200,17031031200,"Census Tract 312, Cook County, Illinois",5648,CHI
031300,17031031300,"Census Tract 313, Cook County, Illinois",7076,CHI
031400,17031031400,"Census Tract 314, Cook County, Illinois",5150,CHI
031501,17031031501,"Census Tract 315.01, Cook County, Illinois",4083,CHI
031502,17031031502,"Census Tract 315.02, Cook County, Illinois",4354,CHI
031700,17031031700,"Census Tract 317, Cook County, Illinois",6570,CHI
031800,17031031800,"Census Tract 318, Cook County, Illinois",1820,CHI
031900,17031031900,"Census Tract 319, Cook County, Illinois",2304,CHI
032100,17031032100,"Census Tract 321, Cook County, Illinois",7052,CHI
040100,17031040100,"Census Tract 401, Cook County, Illinois",3985,CHI
040201,17031040201,"Census Tract 402.01, Cook County, Illinois",6218,CHI
040202,17031040202,"Census Tract 402.02, Cook County, Illinois",7249,CHI
040300,17031040300,"Census Tract 403, Cook County, Illinois",3069,CHI
040401,17031040401,"Census Tract 404.01, Cook County, Illinois",3092,CHI
040402,17031040402,"Census Tract 404.02, Cook County, Illinois",4468,CHI
040600,17031040600,"Census Tract 406, Cook County, Illinois",2434,CHI
040700,17031040700,"Census Tract 407, Cook County, Illinois",3123,CHI
040800,17031040800,"Census Tract 408, Cook County, Illinois",1514,CHI
040900,17031040900,"Census Tract 409, Cook County, Illinois",1950,CHI
050100,17031050100,"Census Tract 501, Cook County, Illinois",2290,CHI
050200,17031050200,"Census Tract 502, Cook County, Illinois",4837,CHI
050300,17031050300,"Census Tract 503, Cook County, Illinois",2365,CHI
050500,17031050500,"Census Tract 505, Cook County, Illinois",4754,CHI
050600,17031050600,"Census Tract 506, Cook County, Illinois",2071,CHI
050700,17031050700,"Census Tract 507, Cook County, Illinois",1418,CHI
050800,17031050800,"Census Tract 508, Cook County, Illinois",1289,CHI
050900,17031050900,"Census Tract 509, Cook County, Illinois",1391,CHI
051000,17031051000,"Census Tract 510, Cook County, Illinois",1503,CHI
051100,17031051100,"Census Tract 511, Cook County, Illinois",1556,CHI
051200,17031051200,"Census Tract 512, Cook County, Illinois",1516,CHI
051300,17031051300,"Census Tract 513, Cook County, Illinois",2683,CHI
051400,17031051400,"Census Tract 514, Cook County, Illinois",2077,CHI
060100,17031060100,"Census Tract 601, Cook County, Illinois",2569,CHI
060200,17031060200,"Census Tract 602, Cook County, Illinois",2111,CHI
060300,17031060300,"Census Tract 603, Cook County, Illinois",2839,CHI
060400,17031060400,"Census Tract 604, Cook County, Illinois",3370,CHI
060500,17031060500,"Census Tract 605, Cook County, Illinois",1309,CHI
060800,17031060800,"Census Tract 608, Cook County, Illinois",4837,CHI
060900,17031060900,"Census Tract 609, Cook County, Illinois",6867,CHI
061000,17031061000,"Census Tract 610, Cook County, Illinois",1647,CHI
061100,17031061100,"Census Tract 611, Cook County, Illinois",1379,CHI
061200,17031061200,"Census Tract 612, Cook County, Illinois",1889,CHI
061500,17031061500,"Census Tract 615, Cook County, Illinois",1707,CHI
061800,17031061800,"Census Tract 618, Cook County, Illinois",1112,CHI
061901,17031061901,"Census Tract 619.01, Cook County, Illinois",3433,CHI
061902,17031061902,"Census Tract 619.02, Cook County, Illinois",4240,CHI
062000,17031062000,"Census Tract 620, Cook County, Illinois",2569,CHI
062100,17031062100,"Census Tract 621, Cook County, Illinois",3436,CHI
062200,17031062200,"Census Tract 622, Cook County, Illinois",2870,CHI
062300,17031062300,"Census Tract 623, Cook County, Illinois",1513,CHI
062400,17031062400,"Census Tract 624, Cook County, Illinois",1421,CHI
062500,17031062500,"Census Tract 625, Cook County, Illinois",1497,CHI
062600,17031062600,"Census Tract 626, Cook County, Illinois",2226,CHI
062700,17031062700,"Census Tract 627, Cook County, Illinois",2724,CHI
062800,17031062800,"Census Tract 628, Cook County, Illinois",3506,CHI
062900,17031062900,"Census Tract 629, Cook County, Illinois",3976,CHI
063000,17031063000,"Census Tract 630, Cook County, Illinois",2973,CHI
063100,17031063100,"Census Tract 631, Cook County, Illinois",2173,CHI
063200,17031063200,"Census Tract 632, Cook County, Illinois",6345,CHI
063301,17031063301,"Census Tract 633.01, Cook County, Illinois",2641,CHI
063302,17031063302,"Census Tract 633.02, Cook County, Illinois",3996,CHI
063303,17031063303,"Census Tract 633.03, Cook County, Illinois",1201,CHI
063400,17031063400,"Census Tract 634, Cook County, Illinois",2180,CHI
070101,17031070101,"Census Tract 701.01, Cook County, Illinois",3796,CHI
070102,17031070102,"Census Tract 701.02, Cook County, Illinois",2413,CHI
070103,17031070103,"Census Tract 701.03, Cook County, Illinois",1709,CHI
070200,17031070200,"Census Tract 702, Cook County, Illinois",3900,CHI
070300,17031070300,"Census Tract 703, Cook County, Illinois",3367,CHI
070400,17031070400,"Census Tract 704, Cook County, Illinois",2984,CHI
070500,17031070500,"Census Tract 705, Cook County, Illinois",2928,CHI
070600,17031070600,"Census Tract 706, Cook County, Illinois",2981,CHI
070700,17031070700,"Census Tract 707, Cook County, Illinois",3481,CHI
071000,17031071000,"Census Tract 710, Cook County, Illinois",4442,CHI
071100,17031071100,"Census Tract 711, Cook County, Illinois",2944,CHI
071200,17031071200,"Census Tract 712, Cook County, Illinois",1906,CHI
071300,17031071300,"Census Tract 713, Cook County, Illinois",3513,CHI
071400,17031071400,"Census Tract 714, Cook County, Illinois",4570,CHI
071500,17031071500,"Census Tract 715, Cook County, Illinois",5768,CHI
071600,17031071600,"Census Tract 716, Cook County, Illinois",1783,CHI
071700,17031071700,"Census Tract 717, Cook County, Illinois",1652,CHI
071800,17031071800,"Census Tract 718, Cook County, Illinois",2646,CHI
080100,17031080100,"Census Tract 801, Cook County, Illinois",6013,CHI
080201,17031080201,"Census Tract 802.01, Cook County, Illinois",3287,CHI
080202,17031080202,"Census Tract 802.02, Cook County, Illinois",3498,CHI
080300,17031080300,"Census Tract 803, Cook County, Illinois",4315,CHI
080400,17031080400,"Census Tract 804, Cook County, Illinois",4317,CHI
081000,17031081000,"Census Tract 810, Cook County, Illinois",7546,CHI
081100,17031081100,"Census Tract 811, Cook County, Illinois",3640,CHI
081201,17031081201,"Census Tract 812.01, Cook County, Illinois",4059,CHI
081202,17031081202,"Census Tract 812.02, Cook County, Illinois",2995,CHI
081300,17031081300,"Census Tract 813, Cook County, Illinois",4884,CHI
081401,17031081401,"Census Tract 814.01, Cook County, Illinois",2279,CHI
081402,17031081402,"Census Tract 814.02, Cook County, Illinois",4243,CHI
081403,17031081403,"Census Tract 814.03, Cook County, Illinois",6229,CHI
081500,17031081500,"Census Tract 815, Cook County, Illinois",4379,CHI
081600,17031081600,"Census Tract 816, Cook County, Illinois",3545,CHI
081700,17031081700,"Census Tract 817, Cook County, Illinois",3102,CHI
081800,17031081800,"Census Tract 818, Cook County, Illinois",6866,CHI
081900,17031081900,"Census Tract 819, Cook County, Illinois",1053,CHI
090100,17031090100,"Census Tract 901, Cook County, Illinois",3405,CHI
090200,17031090200,"Census Tract 902, Cook County, Illinois",6564,CHI
090300,17031090300,"Census Tract 903, Cook County, Illinois",1372,CHI
100100,17031100100,"Census Tract 1001, Cook County, Illinois",5313,CHI
100200,17031100200,"Census Tract 1002, Cook County, Illinois",6749,CHI
100300,17031100300,"Census Tract 1003, Cook County, Illinois",6177,CHI
100400,17031100400,"Census Tract 1004, Cook County, Illinois",3066,CHI
100500,17031100500,"Census Tract 1005, Cook County, Illinois",5779,CHI
100600,17031100600,"Census Tract 1006, Cook County, Illinois",4832,CHI
100700,17031100700,"Census Tract 1007, Cook County, Illinois",4826,CHI
110100,17031110100,"Census Tract 1101, Cook County, Illinois",5254,CHI
110200,17031110200,"Census Tract 1102, Cook County, Illinois",2828,CHI
110300,17031110300,"Census Tract 1103, Cook County, Illinois",5161,CHI
110400,17031110400,"Census Tract 1104, Cook County, Illinois",4352,CHI
110501,17031110501,"Census Tract 1105.01, Cook County, Illinois",4639,CHI
110502,17031110502,"Census Tract 1105.02, Cook County, Illinois",3214,CHI
120100,17031120100,"Census Tract 1201, Cook County, Illinois",4198,CHI
120200,17031120200,"Census Tract 1202, Cook County, Illinois",4430,CHI
120300,17031120300,"Census Tract 1203, Cook County, Illinois",6365,CHI
120400,17031120400,"Census Tract 1204, Cook County, Illinois",3515,CHI
130100,17031130100,"Census Tract 1301, Cook County, Illinois",5133,CHI
130200,17031130200,"Census Tract 1302, Cook County, Illinois",1412,CHI
130300,17031130300,"Census Tract 1303, Cook County, Illinois",5064,CHI
140100,17031140100,"Census Tract 1401, Cook County, Illinois",3729,CHI
140200,17031140200,"Census Tract 1402, Cook County, Illinois",5965,CHI
140301,17031140301,"Census Tract 1403.01, Cook County, Illinois",2891,CHI
140302,17031140302,"Census Tract 1403.02, Cook County, Illinois",4345,CHI
140400,17031140400,"Census Tract 1404, Cook County, Illinois",6805,CHI
140500,17031140500,"Census Tract 1405, Cook County, Illinois",3679,CHI
140601,17031140601,"Census Tract 1406.01, Cook County, Illinois",2786,CHI
140602,17031140602,"Census Tract 1406.02, Cook County, Illinois",5397,CHI
140701,17031140701,"Census Tract 1407.01, Cook County, Illinois",2933,CHI
140702,17031140702,"Census Tract 1407.02, Cook County, Illinois",6187,CHI
140800,17031140800,"Census Tract 1408, Cook County, Illinois",6825,CHI
150200,17031150200,"Census Tract 1502, Cook County, Illinois",7540,CHI
150300,17031150300,"Census Tract 1503, Cook County, Illinois",7198,CHI
150401,17031150401,"Census Tract 1504.01, Cook County, Illinois",4793,CHI
150402,17031150402,"Census Tract 1504.02, Cook County, Illinois",3886,CHI
150501,17031150501,"Census Tract 1505.01, Cook County, Illinois",3648,CHI
150502,17031150502,"Census Tract 1505.02, Cook County, Illinois",4205,CHI
150600,17031150600,"Census Tract 1506, Cook County, Illinois",4163,CHI
150700,17031150700,"Census Tract 1507, Cook County, Illinois",4608,CHI
150800,17031150800,"Census Tract 1508, Cook County, Illinois",5280,CHI
151001,17031151001,"Census Tract 1510.01, Cook County, Illinois",2819,CHI
151002,17031151002,"Census Tract 1510.02, Cook County, Illinois",4567,CHI
151100,17031151100,"Census Tract 1511, Cook County, Illinois",5458,CHI
151200,17031151200,"Census Tract 1512, Cook County, Illinois",3884,CHI
160100,17031160100,"Census Tract 1601, Cook County, Illinois",2485,CHI
160200,17031160200,"Census Tract 1602, Cook County, Illinois",3443,CHI
160300,17031160300,"Census Tract 1603, Cook County, Illinois",3785,CHI
160400,17031160400,"Census Tract 1604, Cook County, Illinois",4768,CHI
160501,17031160501,"Census Tract 1605.01, Cook County, Illinois",4188,CHI
160502,17031160502,"Census Tract 1605.02, Cook County, Illinois",3550,CHI
160601,17031160601,"Census Tract 1606.01, Cook County, Illinois",3490,CHI
160602,17031160602,"Census Tract 1606.02, Cook County, Illinois",3589,CHI
160700,17031160700,"Census Tract 1607, Cook County, Illinois",5893,CHI
160800,17031160800,"Census Tract 1608, Cook County, Illinois",5148,CHI
160900,17031160900,"Census Tract 1609, Cook County, Illinois",2405,CHI
161000,17031161000,"Census Tract 1610, Cook County, Illinois",1707,CHI
161100,17031161100,"Census Tract 1611, Cook County, Illinois",1861,CHI
161200,17031161200,"Census Tract 1612, Cook County, Illinois",2930,CHI
161300,17031161300,"Census Tract 1613, Cook County, Illinois",4117,CHI
170100,17031170100,"Census Tract 1701, Cook County, Illinois",1752,CHI
170200,17031170200,"Census Tract 1702, Cook County, Illinois",3892,CHI
170300,17031170300,"Census Tract 1703, Cook County, Illinois",5129,CHI
170400,17031170400,"Census Tract 1704, Cook County, Illinois",3870,CHI
170500,17031170500,"Census Tract 1705, Cook County, Illinois",4980,CHI
170600,17031170600,"Census Tract 1706, Cook County, Illinois",2498,CHI
170700,17031170700,"Census Tract 1707, Cook County, Illinois",2980,CHI
170800,17031170800,"Census Tract 1708, Cook County, Illinois",3721,CHI
170900,17031170900,"Census Tract 1709, Cook County, Illinois",1713,CHI
171000,17031171000,"Census Tract 1710, Cook County, Illinois",7287,CHI
171100,17031171100,"Census Tract 1711, Cook County, Illinois",4110,CHI
180100,17031180100,"Census Tract 1801, Cook County, Illinois",6156,CHI
190100,17031190100,"Census Tract 1901, Cook County, Illinois",2488,CHI
190200,17031190200,"Census Tract 1902, Cook County, Illinois",5853,CHI
190300,17031190300,"Census Tract 1903, Cook County, Illinois",5794,CHI
190401,17031190401,"Census Tract 1904.01, Cook County, Illinois",4257,CHI
190402,17031190402,"Census Tract 1904.02, Cook County, Illinois",5458,CHI
190601,17031190601,"Census Tract 1906.01, Cook County, Illinois",4545,CHI
190602,17031190602,"Census Tract 1906.02, Cook County, Illinois",5516,CHI
190701,17031190701,"Census Tract 1907.01, Cook County, Illinois",2955,CHI
190702,17031190702,"Census Tract 1907.02, Cook County, Illinois",4869,CHI
190800,17031190800,"Census Tract 1908, Cook County, Illinois",6632,CHI
190900,17031190900,"Census Tract 1909, Cook County, Illinois",2040,CHI
191000,17031191000,"Census Tract 1910, Cook County, Illinois",2559,CHI
191100,17031191100,"Census Tract 1911, Cook County, Illinois",7414,CHI
191200,17031191200,"Census Tract 1912, Cook County, Illinois",3853,CHI
191301,17031191301,"Census Tract 1913.01, Cook County, Illinois",5397,CHI
191302,17031191302,"Census Tract 1913.02, Cook County, Illinois",5034,CHI
200100,17031200100,"Census Tract 2001, Cook County, Illinois",4354,CHI
200200,17031200200,"Census Tract 2002, Cook County, Illinois",5427,CHI
200300,17031200300,"Census Tract 2003, Cook County, Illinois",2209,CHI
200401,17031200401,"Census Tract 2004.01, Cook County, Illinois",3603,CHI
200402,17031200402,"Census Tract 2004.02, Cook County, Illinois",4396,CHI
210100,17031210100,"Census Tract 2101, Cook County, Illinois",4028,CHI
210400,17031210400,"Census Tract 2104, Cook County, Illinois",3035,CHI
210501,17031210501,"Census Tract 2105.01, Cook County, Illinois",3900,CHI
210502,17031210502,"Census Tract 2105.02, Cook County, Illinois",4486,CHI
210601,17031210601,"Census Tract 2106.01, Cook County, Illinois",3104,CHI
210602,17031210602,"Census Tract 2106.02, Cook County, Illinois",4683,CHI
210700,17031210700,"Census Tract 2107, Cook County, Illinois",4309,CHI
210800,17031210800,"Census Tract 2108, Cook County, Illinois",1196,CHI
210900,17031210900,"Census Tract 2109, Cook County, Illinois",3068,CHI
220300,17031220300,"Census Tract 2203, Cook County, Illinois",2102,CHI
220400,17031220400,"Census Tract 2204, Cook County, Illinois",2495,CHI
220500,17031220500,"Census Tract 2205, Cook County, Illinois",2626,CHI
220601,17031220601,"Census Tract 2206.01, Cook County, Illinois",1766,CHI
220602,17031220602,"Census Tract 2206.02, Cook County, Illinois",5064,CHI
220701,17031220701,"Census Tract 2207.01, Cook County, Illinois",3437,CHI
220702,17031220702,"Census Tract 2207.02, Cook County, Illinois",4060,CHI
220901,17031220901,"Census Tract 2209.01, Cook County, Illinois",3498,CHI
220902,17031220902,"Census Tract 2209.02, Cook County, Illinois",3371,CHI
221000,17031221000,"Census Tract 2210, Cook County, Illinois",2923,CHI
221100,17031221100,"Census Tract 2211, Cook County, Illinois",4870,CHI
221200,17031221200,"Census Tract 2212, Cook County, Illinois",2860,CHI
221300,17031221300,"Census Tract 2213, Cook County, Illinois",3222,CHI
221400,17031221400,"Census Tract 2214, Cook County, Illinois",3020,CHI
221500,17031221500,"Census Tract 2215, Cook County, Illinois",2829,CHI
221600,17031221600,"Census Tract 2216, Cook County, Illinois",2969,CHI
222200,17031222200,"Census Tract 2222, Cook County, Illinois",1912,CHI
222500,17031222500,"Census Tract 2225, Cook County, Illinois",1410,CHI
222600,17031222600,"Census Tract 2226, Cook County, Illinois",1602,CHI
222700,17031222700,"Census Tract 2227, Cook County, Illinois",2235,CHI
222800,17031222800,"Census Tract 2228, Cook County, Illinois",1074,CHI
222900,17031222900,"Census Tract 2229, Cook County, Illinois",1244,CHI
230100,17031230100,"Census Tract 2301, Cook County, Illinois",1623,CHI
230200,17031230200,"Census Tract 2302, Cook County, Illinois",2107,CHI
230300,17031230300,"Census Tract 2303, Cook County, Illinois",1024,CHI
230400,17031230400,"Census Tract 2304, Cook County, Illinois",2609,CHI
230500,17031230500,"Census Tract 2305, Cook County, Illinois",3570,CHI
230600,17031230600,"Census Tract 2306, Cook County, Illinois",6818,CHI
230700,17031230700,"Census Tract 2307, Cook County, Illinois",6364,CHI
230800,17031230800,"Census Tract 2308, Cook County, Illinois",1314,CHI
230900,17031230900,"Census Tract 2309, Cook County, Illinois",5399,CHI
231100,17031231100,"Census Tract 2311, Cook County, Illinois",1236,CHI
231200,17031231200,"Census Tract 2312, Cook County, Illinois",6095,CHI
231500,17031231500,"Census Tract 2315, Cook County, Illinois",6039,CHI
240200,17031240200,"Census Tract 2402, Cook County, Illinois",1452,CHI
240300,17031240300,"Census Tract 2403, Cook County, Illinois",1317,CHI
240500,17031240500,"Census Tract 2405, Cook County, Illinois",2251,CHI
240600,17031240600,"Census Tract 2406, Cook County, Illinois",1457,CHI
240700,17031240700,"Census Tract 2407, Cook County, Illinois",1535,CHI
240800,17031240800,"Census Tract 2408, Cook County, Illinois",1617,CHI
240900,17031240900,"Census Tract 2409, Cook County, Illinois",1182,CHI
241000,17031241000,"Census Tract 2410, Cook County, Illinois",2047,CHI
241100,17031241100,"Census Tract 2411, Cook County, Illinois",3682,CHI
241200,17031241200,"Census Tract 2412, Cook County, Illinois",1696,CHI
241300,17031241300,"Census Tract 2413, Cook County, Illinois",1857,CHI
241400,17031241400,"Census Tract 2414, Cook County, Illinois",4595,CHI
241500,17031241500,"Census Tract 2415, Cook County, Illinois",2872,CHI
241600,17031241600,"Census Tract 2416, Cook County, Illinois",3477,CHI
242000,17031242000,"Census Tract 2420, Cook County, Illinois",4565,CHI
242100,17031242100,"Census Tract 2421, Cook County, Illinois",3648,CHI
242200,17031242200,"Census Tract 2422, Cook County, Illinois",3590,CHI
242300,17031242300,"Census Tract 2423, Cook County, Illinois",3240,CHI
242400,17031242400,"Census Tract 2424, Cook County, Illinois",2764,CHI
242500,17031242500,"Census Tract 2425, Cook County, Illinois",3438,CHI
242600,17031242600,"Census Tract 2426, Cook County, Illinois",5831,CHI
242700,17031242700,"Census Tract 2427, Cook County, Illinois",2029,CHI
242800,17031242800,"Census Tract 2428, Cook County, Illinois",1436,CHI
242900,17031242900,"Census Tract 2429, Cook County, Illinois",1670,CHI
243000,17031243000,"Census Tract 2430, Cook County, Illinois",2204,CHI
243100,17031243100,"Census Tract 2431, Cook County, Illinois",2242,CHI
243200,17031243200,"Census Tract 2432, Cook County, Illinois",2170,CHI
243300,17031243300,"Census Tract 2433, Cook County, Illinois",2386,CHI
243400,17031243400,"Census Tract 2434, Cook County, Illinois",3001,CHI
243500,17031243500,"Census Tract 2435, Cook County, Illinois",2937,CHI
250200,17031250200,"Census Tract 2502, Cook County, Illinois",2669,CHI
250300,17031250300,"Census Tract 2503, Cook County, Illinois",4725,CHI
250400,17031250400,"Census Tract 2504, Cook County, Illinois",5887,CHI
250500,17031250500,"Census Tract 2505, Cook County, Illinois",7538,CHI
250600,17031250600,"Census Tract 2506, Cook County, Illinois",4422,CHI
250700,17031250700,"Census Tract 2507, Cook County, Illinois",6098,CHI
250800,17031250800,"Census Tract 2508, Cook County, Illinois",2488,CHI
251000,17031251000,"Census Tract 2510, Cook County, Illinois",1181,CHI
251100,17031251100,"Census Tract 2511, Cook County, Illinois",4302,CHI
251200,17031251200,"Census Tract 2512, Cook County, Illinois",4196,CHI
251300,17031251300,"Census Tract 2513, Cook County, Illinois",4921,CHI
251400,17031251400,"Census Tract 2514, Cook County, Illinois",3983,CHI
251500,17031251500,"Census Tract 2515, Cook County, Illinois",4784,CHI
251600,17031251600,"Census Tract 2516, Cook County, Illinois",3649,CHI
251700,17031251700,"Census Tract 2517, Cook County, Illinois",1495,CHI
251800,17031251800,"Census Tract 2518, Cook County, Illinois",5112,CHI
251900,17031251900,"Census Tract 2519, Cook County, Illinois",5731,CHI
252000,17031252000,"Census Tract 2520, Cook County, Illinois",5719,CHI
252101,17031252101,"Census Tract 2521.01, Cook County, Illinois",1370,CHI
252102,17031252102,"Census Tract 2521.02, Cook County, Illinois",6438,CHI
252201,17031252201,"Census Tract 2522.01, Cook County, Illinois",2953,CHI
252202,17031252202,"Census Tract 2522.02, Cook County, Illinois",4609,CHI
260100,17031260100,"Census Tract 2601, Cook County, Illinois",1248,CHI
260200,17031260200,"Census Tract 2602, Cook County, Illinois",1136,CHI
260300,17031260300,"Census Tract 2603, Cook County, Illinois",1564,CHI
260400,17031260400,"Census Tract 2604, Cook County, Illinois",1271,CHI
260500,17031260500,"Census Tract 2605, Cook County, Illinois",1934,CHI
260600,17031260600,"Census Tract 2606, Cook County, Illinois",2478,CHI
260700,17031260700,"Census Tract 2607, Cook County, Illinois",2032,CHI
260800,17031260800,"Census Tract 2608, Cook County, Illinois",2539,CHI
260900,17031260900,"Census Tract 2609, Cook County, Illinois",1480,CHI
261000,17031261000,"Census Tract 2610, Cook County, Illinois",2319,CHI
270500,17031270500,"Census Tract 2705, Cook County, Illinois",1689,CHI
271200,17031271200,"Census Tract 2712, Cook County, Illinois",1170,CHI
271300,17031271300,"Census Tract 2713, Cook County, Illinois",1045,CHI
271400,17031271400,"Census Tract 2714, Cook County, Illinois",1527,CHI
271500,17031271500,"Census Tract 2715, Cook County, Illinois",1397,CHI
271800,17031271800,"Census Tract 2718, Cook County, Illinois",970,CHI
280100,17031280100,"Census Tract 2801, Cook County, Illinois",4872,CHI
280400,17031280400,"Census Tract 2804, Cook County, Illinois",1366,CHI
280800,17031280800,"Census Tract 2808, Cook County, Illinois",755,CHI
280900,17031280900,"Census Tract 2809, Cook County, Illinois",942,CHI
281900,17031281900,"Census Tract 2819, Cook County, Illinois",4844,CHI
282700,17031282700,"Census Tract 2827, Cook County, Illinois",2349,CHI
282800,17031282800,"Census Tract 2828, Cook County, Illinois",1691,CHI
283100,17031283100,"Census Tract 2831, Cook County, Illinois",2703,CHI
283200,17031283200,"Census Tract 2832, Cook County, Illinois",1664,CHI
283800,17031283800,"Census Tract 2838, Cook County, Illinois",3688,CHI
290900,17031290900,"Census Tract 2909, Cook County, Illinois",4530,CHI
291200,17031291200,"Census Tract 2912, Cook County, Illinois",2240,CHI
291600,17031291600,"Census Tract 2916, Cook County, Illinois",1055,CHI
292200,17031292200,"Census Tract 2922, Cook County, Illinois",2961,CHI
292400,17031292400,"Census Tract 2924, Cook County, Illinois",2268,CHI
292500,17031292500,"Census Tract 2925, Cook County, Illinois",4140,CHI
300500,17031300500,"Census Tract 3005, Cook County, Illinois",3257,CHI
300600,17031300600,"Census Tract 3006, Cook County, Illinois",3212,CHI
300700,17031300700,"Census Tract 3007, Cook County, Illinois",5194,CHI
300800,17031300800,"Census Tract 3008, Cook County, Illinois",4610,CHI
300900,17031300900,"Census Tract 3009, Cook County, Illinois",5050,CHI
301100,17031301100,"Census Tract 3011, Cook County, Illinois",2617,CHI
301200,17031301200,"Census Tract 3012, Cook County, Illinois",4012,CHI
301600,17031301600,"Census Tract 3016, Cook County, Illinois",4654,CHI
301701,17031301701,"Census Tract 3017.01, Cook County, Illinois",4381,CHI
301702,17031301702,"Census Tract 3017.02, Cook County, Illinois",4045,CHI
301801,17031301801,"Census Tract 3018.01, Cook County, Illinois",4005,CHI
301802,17031301802,"Census Tract 3018.02, Cook County, Illinois",3518,CHI
301803,17031301803,"Census Tract 3018.03, Cook County, Illinois",5357,CHI
310200,17031310200,"Census Tract 3102, Cook County, Illinois",1336,CHI
310300,17031310300,"Census Tract 3103, Cook County, Illinois",1697,CHI
310400,17031310400,"Census Tract 3104, Cook County, Illinois",1332,CHI
310500,17031310500,"Census Tract 3105, Cook County, Illinois",1700,CHI
310600,17031310600,"Census Tract 3106, Cook County, Illinois",5868,CHI
310700,17031310700,"Census Tract 3107, Cook County, Illinois",1692,CHI
310800,17031310800,"Census Tract 3108, Cook County, Illinois",4516,CHI
310900,17031310900,"Census Tract 3109, Cook County, Illinois",5123,CHI
320100,17031320100,"Census Tract 3201, Cook County, Illinois",10848,CHI
320400,17031320400,"Census Tract 3204, Cook County, Illinois",2518,CHI
320600,17031320600,"Census Tract 3206, Cook County, Illinois",4256,CHI
330100,17031330100,"Census Tract 3301, Cook County, Illinois",16735,CHI
330200,17031330200,"Census Tract 3302, Cook County, Illinois",3806,CHI
340300,17031340300,"Census Tract 3403, Cook County, Illinois",1786,CHI
340400,17031340400,"Census Tract 3404, Cook County, Illinois",1900,CHI
340500,17031340500,"Census Tract 3405, Cook County, Illinois",1544,CHI
340600,17031340600,"Census Tract 3406, Cook County, Illinois",907,CHI
350100,17031350100,"Census Tract 3501, Cook County, Illinois",2144,CHI
350400,17031350400,"Census Tract 3504, Cook County, Illinois",389,CHI
351000,17031351000,"Census Tract 3510, Cook County, Illinois",3267,CHI
351100,17031351100,"Census Tract 3511, Cook County, Illinois",1960,CHI
351400,17031351400,"Census Tract 3514, Cook County, Illinois",1437,CHI
351500,17031351500,"Census Tract 3515, Cook County, Illinois",255,CHI
360200,17031360200,"Census Tract 3602, Cook County, Illinois",1443,CHI
380100,17031380100,"Census Tract 3801, Cook County, Illinois",1924,CHI
380200,17031380200,"Census Tract 3802, Cook County, Illinois",1680,CHI
380500,17031380500,"Census Tract 3805, Cook County, Illinois",752,CHI
380700,17031380700,"Census Tract 3807, Cook County, Illinois",1243,CHI
381200,17031381200,"Census Tract 3812, Cook County, Illinois",2167,CHI
381400,17031381400,"Census Tract 3814, Cook County, Illinois",1612,CHI
381500,17031381500,"Census Tract 3815, Cook County, Illinois",237,CHI
381700,17031381700,"Census Tract 3817, Cook County, Illinois",0,CHI
381800,17031381800,"Census Tract 3818, Cook County, Illinois",1188,CHI
381900,17031381900,"Census Tract 3819, Cook County, Illinois",1295,CHI
390100,17031390100,"Census Tract 3901, Cook County, Illinois",1268,CHI
390200,17031390200,"Census Tract 3902, Cook County, Illinois",1840,CHI
390300,17031390300,"Census Tract 3903, Cook County, Illinois",2743,CHI
390400,17031390400,"Census Tract 3904, Cook County, Illinois",2934,CHI
390500,17031390500,"Census Tract 3905, Cook County, Illinois",1598,CHI
390600,17031390600,"Census Tract 3906, Cook County, Illinois",1866,CHI
390700,17031390700,"Census Tract 3907, Cook County, Illinois",5592,CHI
400300,17031400300,"Census Tract 4003, Cook County, Illinois",1567,CHI
400400,17031400400,"Census Tract 4004, Cook County, Illinois",1955,CHI
400500,17031400500,"Census Tract 4005, Cook County, Illinois",2258,CHI
400800,17031400800,"Census Tract 4008, Cook County, Illinois",2701,CHI
410100,17031410100,"Census Tract 4101, Cook County, Illinois",1802,CHI
410200,17031410200,"Census Tract 4102, Cook County, Illinois",1443,CHI
410500,17031410500,"Census Tract 4105, Cook County, Illinois",2557,CHI
410600,17031410600,"Census Tract 4106, Cook County, Illinois",2327,CHI
410700,17031410700,"Census Tract 4107, Cook County, Illinois",2154,CHI
410800,17031410800,"Census Tract 4108, Cook County, Illinois",2662,CHI
410900,17031410900,"Census Tract 4109, Cook County, Illinois",2838,CHI
411000,17031411000,"Census Tract 4110, Cook County, Illinois",3309,CHI
411100,17031411100,"Census Tract 4111, Cook County, Illinois",2132,CHI
411200,17031411200,"Census Tract 4112, Cook County, Illinois",1640,CHI
420100,17031420100,"Census Tract 4201, Cook County, Illinois",1441,CHI
420200,17031420200,"Census Tract 4202, Cook County, Illinois",1723,CHI
420300,17031420300,"Census Tract 4203, Cook County, Illinois",2488,CHI
420400,17031420400,"Census Tract 4204, Cook County, Illinois",1329,CHI
420500,17031420500,"Census Tract 4205, Cook County, Illinois",2624,CHI
420600,17031420600,"Census Tract 4206, Cook County, Illinois",2219,CHI
420700,17031420700,"Census Tract 4207, Cook County, Illinois",3261,CHI
420800,17031420800,"Census Tract 4208, Cook County, Illinois",2213,CHI
421200,17031421200,"Census Tract 4212, Cook County, Illinois",1380,CHI
430101,17031430101,"Census Tract 4301.01, Cook County, Illinois",3689,CHI
430102,17031430102,"Census Tract 4301.02, Cook County, Illinois",2963,CHI
430200,17031430200,"Census Tract 4302, Cook County, Illinois",4680,CHI
430300,17031430300,"Census Tract 4303, Cook County, Illinois",2336,CHI
430400,17031430400,"Census Tract 4304, Cook County, Illinois",2892,CHI
430500,17031430500,"Census Tract 4305, Cook County, Illinois",3604,CHI
430600,17031430600,"Census Tract 4306, Cook County, Illinois",1665,CHI
430700,17031430700,"Census Tract 4307, Cook County, Illinois",2210,CHI
430800,17031430800,"Census Tract 4308, Cook County, Illinois",1763,CHI
430900,17031430900,"Census Tract 4309, Cook County, Illinois",1814,CHI
431200,17031431200,"Census Tract 4312, Cook County, Illinois",3078,CHI
431301,17031431301,"Census Tract 4313.01, Cook County, Illinois",3545,CHI
431302,17031431302,"Census Tract 4313.02, Cook County, Illinois",4166,CHI
431400,17031431400,"Census Tract 4314, Cook County, Illinois",6418,CHI
440101,17031440101,"Census Tract 4401.01, Cook County, Illinois",3746,CHI
440102,17031440102,"Census Tract 4401.02, Cook County, Illinois",3127,CHI
440201,17031440201,"Census Tract 4402.01, Cook County, Illinois",5060,CHI
440202,17031440202,"Census Tract 4402.02, Cook County, Illinois",2999,CHI
440300,17031440300,"Census Tract 4403, Cook County, Illinois",4757,CHI
440600,17031440600,"Census Tract 4406, Cook County, Illinois",2080,CHI
440700,17031440700,"Census Tract 4407, Cook County, Illinois",1545,CHI
440800,17031440800,"Census Tract 4408, Cook County, Illinois",1800,CHI
440900,17031440900,"Census Tract 4409, Cook County, Illinois",2610,CHI
450300,17031450300,"Census Tract 4503, Cook County, Illinois",3615,CHI
460100,17031460100,"Census Tract 4601, Cook County, Illinois",3405,CHI
460200,17031460200,"Census Tract 4602, Cook County, Illinois",2385,CHI
460301,17031460301,"Census Tract 4603.01, Cook County, Illinois",3404,CHI
460302,17031460302,"Census Tract 4603.02, Cook County, Illinois",3803,CHI
460400,17031460400,"Census Tract 4604, Cook County, Illinois",3705,CHI
460500,17031460500,"Census Tract 4605, Cook County, Illinois",5789,CHI
460600,17031460600,"Census Tract 4606, Cook County, Illinois",1183,CHI
460700,17031460700,"Census Tract 4607, Cook County, Illinois",3314,CHI
461000,17031461000,"Census Tract 4610, Cook County, Illinois",1496,CHI
470100,17031470100,"Census Tract 4701, Cook County, Illinois",2916,CHI
480100,17031480100,"Census Tract 4801, Cook County, Illinois",2033,CHI
480200,17031480200,"Census Tract 4802, Cook County, Illinois",1229,CHI
480300,17031480300,"Census Tract 4803, Cook County, Illinois",1468,CHI
480400,17031480400,"Census Tract 4804, Cook County, Illinois",5876,CHI
480500,17031480500,"Census Tract 4805, Cook County, Illinois",3206,CHI
490300,17031490300,"Census Tract 4903, Cook County, Illinois",2033,CHI
490400,17031490400,"Census Tract 4904, Cook County, Illinois",1059,CHI
490500,17031490500,"Census Tract 4905, Cook County, Illinois",2242,CHI
490600,17031490600,"Census Tract 4906, Cook County, Illinois",1562,CHI
490700,17031490700,"Census Tract 4907, Cook County, Illinois",3085,CHI
490800,17031490800,"Census Tract 4908, Cook County, Illinois",4007,CHI
490901,17031490901,"Census Tract 4909.01, Cook County, Illinois",3891,CHI
490902,17031490902,"Census Tract 4909.02, Cook County, Illinois",5086,CHI
491000,17031491000,"Census Tract 4910, Cook County, Illinois",5247,CHI
491100,17031491100,"Census Tract 4911, Cook County, Illinois",4514,CHI
491200,17031491200,"Census Tract 4912, Cook County, Illinois",2444,CHI
491300,17031491300,"Census Tract 4913, Cook County, Illinois",2886,CHI
491400,17031491400,"Census Tract 4914, Cook County, Illinois",2931,CHI
500100,17031500100,"Census Tract 5001, Cook County, Illinois",3644,CHI
500200,17031500200,"Census Tract 5002, Cook County, Illinois",2015,CHI
500300,17031500300,"Census Tract 5003, Cook County, Illinois",1666,CHI
510100,17031510100,"Census Tract 5101, Cook County, Illinois",3530,CHI
510200,17031510200,"Census Tract 5102, Cook County, Illinois",2986,CHI
510300,17031510300,"Census Tract 5103, Cook County, Illinois",5360,CHI
520100,17031520100,"Census Tract 5201, Cook County, Illinois",2075,CHI
520200,17031520200,"Census Tract 5202, Cook County, Illinois",3817,CHI
520300,17031520300,"Census Tract 5203, Cook County, Illinois",6215,CHI
520400,17031520400,"Census Tract 5204, Cook County, Illinois",4090,CHI
520500,17031520500,"Census Tract 5205, Cook County, Illinois",4301,CHI
520600,17031520600,"Census Tract 5206, Cook County, Illinois",2544,CHI
530100,17031530100,"Census Tract 5301, Cook County, Illinois",2371,CHI
530200,17031530200,"Census Tract 5302, Cook County, Illinois",5152,CHI
530300,17031530300,"Census Tract 5303, Cook County, Illinois",4273,CHI
530400,17031530400,"Census Tract 5304, Cook County, Illinois",2223,CHI
530501,17031530501,"Census Tract 5305.01, Cook County, Illinois",5402,CHI
530502,17031530502,"Census Tract 5305.02, Cook County, Illinois",1667,CHI
530503,17031530503,"Census Tract 5305.03, Cook County, Illinois",5345,CHI
530600,17031530600,"Census Tract 5306, Cook County, Illinois",3207,CHI
540101,17031540101,"Census Tract 5401.01, Cook County, Illinois",3373,CHI
540102,17031540102,"Census Tract 5401.02, Cook County, Illinois",3109,CHI
550100,17031550100,"Census Tract 5501, Cook County, Illinois",6628,CHI
550200,17031550200,"Census Tract 5502, Cook County, Illinois",2798,CHI
560100,17031560100,"Census Tract 5601, Cook County, Illinois",1473,CHI
560200,17031560200,"Census Tract 5602, Cook County, Illinois",1721,CHI
560300,17031560300,"Census Tract 5603, Cook County, Illinois",3187,CHI
560400,17031560400,"Census Tract 5604, Cook County, Illinois",1516,CHI
560700,17031560700,"Census Tract 5607, Cook County, Illinois",3484,CHI
560800,17031560800,"Census Tract 5608, Cook County, Illinois",5411,CHI
560900,17031560900,"Census Tract 5609, Cook County, Illinois",5093,CHI
561000,17031561000,"Census Tract 5610, Cook County, Illinois",5161,CHI
561100,17031561100,"Census Tract 5611, Cook County, Illinois",5407,CHI
570100,17031570100,"Census Tract 5701, Cook County, Illinois",1257,CHI
570200,17031570200,"Census Tract 5702, Cook County, Illinois",1943,CHI
570300,17031570300,"Census Tract 5703, Cook County, Illinois",6116,CHI
570400,17031570400,"Census Tract 5704, Cook County, Illinois",1615,CHI
570500,17031570500,"Census Tract 5705, Cook County, Illinois",2462,CHI
580100,17031580100,"Census Tract 5801, Cook County, Illinois",2989,CHI
580200,17031580200,"Census Tract 5802, Cook County, Illinois",3515,CHI
580300,17031580300,"Census Tract 5803, Cook County, Illinois",2426,CHI
580400,17031580400,"Census Tract 5804, Cook County, Illinois",4795,CHI
580501,17031580501,"Census Tract 5805.01, Cook County, Illinois",5067,CHI
580502,17031580502,"Census Tract 5805.02, Cook County, Illinois",5349,CHI
580600,17031580600,"Census Tract 5806, Cook County, Illinois",5531,CHI
580700,17031580700,"Census Tract 5807, Cook County, Illinois",6137,CHI
580800,17031580800,"Census Tract 5808, Cook County, Illinois",2061,CHI
590500,17031590500,"Census Tract 5905, Cook County, Illinois",1672,CHI
590600,17031590600,"Census Tract 5906, Cook County, Illinois",3564,CHI
590700,17031590700,"Census Tract 5907, Cook County, Illinois",3100,CHI
600400,17031600400,"Census Tract 6004, Cook County, Illinois",3891,CHI
600600,17031600600,"Census Tract 6006, Cook County, Illinois",2738,CHI
600700,17031600700,"Census Tract 6007, Cook County, Illinois",2545,CHI
600900,17031600900,"Census Tract 6009, Cook County, Illinois",3699,CHI
610300,17031610300,"Census Tract 6103, Cook County, Illinois",5658,CHI
610400,17031610400,"Census Tract 6104, Cook County, Illinois",2213,CHI
610800,17031610800,"Census Tract 6108, Cook County, Illinois",1393,CHI
611000,17031611000,"Census Tract 6110, Cook County, Illinois",1098,CHI
611100,17031611100,"Census Tract 6111, Cook County, Illinois",2922,CHI
611200,17031611200,"Census Tract 6112, Cook County, Illinois",2824,CHI
611300,17031611300,"Census Tract 6113, Cook County, Illinois",3556,CHI
611400,17031611400,"Census Tract 6114, Cook County, Illinois",4105,CHI
611500,17031611500,"Census Tract 6115, Cook County, Illinois",3567,CHI
611600,17031611600,"Census Tract 6116, Cook County, Illinois",1609,CHI
611700,17031611700,"Census Tract 6117, Cook County, Illinois",1990,CHI
611800,17031611800,"Census Tract 6118, Cook County, Illinois",2139,CHI
611900,17031611900,"Census Tract 6119, Cook County, Illinois",2045,CHI
612000,17031612000,"Census Tract 6120, Cook County, Illinois",1545,CHI
612100,17031612100,"Census Tract 6121, Cook County, Illinois",1470,CHI
620100,17031620100,"Census Tract 6201, Cook County, Illinois",4289,CHI
620200,17031620200,"Census Tract 6202, Cook County, Illinois",2223,CHI
620300,17031620300,"Census Tract 6203, Cook County, Illinois",6399,CHI
620400,17031620400,"Census Tract 6204, Cook County, Illinois",5198,CHI
630100,17031630100,"Census Tract 6301, Cook County, Illinois",1156,CHI
630200,17031630200,"Census Tract 6302, Cook County, Illinois",1931,CHI
630300,17031630300,"Census Tract 6303, Cook County, Illinois",5521,CHI
630400,17031630400,"Census Tract 6304, Cook County, Illinois",7083,CHI
630500,17031630500,"Census Tract 6305, Cook County, Illinois",6364,CHI
630800,17031630800,"Census Tract 6308, Cook County, Illinois",7107,CHI
630900,17031630900,"Census Tract 6309, Cook County, Illinois",5363,CHI
640100,17031640100,"Census Tract 6401, Cook County, Illinois",1211,CHI
640300,17031640300,"Census Tract 6403, Cook County, Illinois",6463,CHI
640400,17031640400,"Census Tract 6404, Cook County, Illinois",3190,CHI
640500,17031640500,"Census Tract 6405, Cook County, Illinois",3491,CHI
640600,17031640600,"Census Tract 6406, Cook County, Illinois",3912,CHI
640700,17031640700,"Census Tract 6407, Cook County, Illinois",3156,CHI
640800,17031640800,"Census Tract 6408, Cook County, Illinois",1716,CHI
650100,17031650100,"Census Tract 6501, Cook County, Illinois",4816,CHI
650200,17031650200,"Census Tract 6502, Cook County, Illinois",7320,CHI
650301,17031650301,"Census Tract 6503.01, Cook County, Illinois",5711,CHI
650302,17031650302,"Census Tract 6503.02, Cook County, Illinois",4344,CHI
650400,17031650400,"Census Tract 6504, Cook County, Illinois",6743,CHI
650500,17031650500,"Census Tract 6505, Cook County, Illinois",4421,CHI
660301,17031660301,"Census Tract 6603.01, Cook County, Illinois",1785,CHI
660302,17031660302,"Census Tract 6603.02, Cook County, Illinois",5527,CHI
660400,17031660400,"Census Tract 6604, Cook County, Illinois",5960,CHI
660500,17031660500,"Census Tract 6605, Cook County, Illinois",5534,CHI
660600,17031660600,"Census Tract 6606, Cook County, Illinois",6333,CHI
660700,17031660700,"Census Tract 6607, Cook County, Illinois",2366,CHI
660800,17031660800,"Census Tract 6608, Cook County, Illinois",5865,CHI
660900,17031660900,"Census Tract 6609, Cook County, Illinois",4232,CHI
661000,17031661000,"Census Tract 6610, Cook County, Illinois",5706,CHI
661100,17031661100,"Census Tract 6611, Cook County, Illinois",6542,CHI
670100,17031670100,"Census Tract 6701, Cook County, Illinois",1516,CHI
670200,17031670200,"Census Tract 6702, Cook County, Illinois",1380,CHI
670300,17031670300,"Census Tract 6703, Cook County, Illinois",1411,CHI
670400,17031670400,"Census Tract 6704, Cook County, Illinois",1956,CHI
670500,17031670500,"Census Tract 6705, Cook County, Illinois",1321,CHI
670600,17031670600,"Census Tract 6706, Cook County, Illinois",1650,CHI
670700,17031670700,"Census Tract 6707, Cook County, Illinois",1491,CHI
670800,17031670800,"Census Tract 6708, Cook County, Illinois",1635,CHI
670900,17031670900,"Census Tract 6709, Cook County, Illinois",1351,CHI
671100,17031671100,"Census Tract 6711, Cook County, Illinois",1259,CHI
671200,17031671200,"Census Tract 6712, Cook County, Illinois",1252,CHI
671300,17031671300,"Census Tract 6713, Cook County, Illinois",2688,CHI
671400,17031671400,"Census Tract 6714, Cook County, Illinois",2072,CHI
671500,17031671500,"Census Tract 6715, Cook County, Illinois",3221,CHI
671600,17031671600,"Census Tract 6716, Cook County, Illinois",2495,CHI
671800,17031671800,"Census Tract 6718, Cook County, Illinois",1422,CHI
671900,17031671900,"Census Tract 6719, Cook County, Illinois",1378,CHI
672000,17031672000,"Census Tract 6720, Cook County, Illinois",3735,CHI
680500,17031680500,"Census Tract 6805, Cook County, Illinois",1481,CHI
680600,17031680600,"Census Tract 6806, Cook County, Illinois",1431,CHI
680900,17031680900,"Census Tract 6809, Cook County, Illinois",4019,CHI
681000,17031681000,"Census Tract 6810, Cook County, Illinois",3498,CHI
681100,17031681100,"Census Tract 6811, Cook County, Illinois",3517,CHI
681200,17031681200,"Census Tract 6812, Cook County, Illinois",2716,CHI
681300,17031681300,"Census Tract 6813, Cook County, Illinois",2936,CHI
681400,17031681400,"Census Tract 6814, Cook County, Illinois",3247,CHI
690300,17031690300,"Census Tract 6903, Cook County, Illinois",2191,CHI
690400,17031690400,"Census Tract 6904, Cook County, Illinois",3464,CHI
690500,17031690500,"Census Tract 6905, Cook County, Illinois",877,CHI
690900,17031690900,"Census Tract 6909, Cook County, Illinois",4520,CHI
691000,17031691000,"Census Tract 6910, Cook County, Illinois",2492,CHI
691100,17031691100,"Census Tract 6911, Cook County, Illinois",3266,CHI
691200,17031691200,"Census Tract 6912, Cook County, Illinois",2847,CHI
691300,17031691300,"Census Tract 6913, Cook County, Illinois",2448,CHI
691400,17031691400,"Census Tract 6914, Cook County, Illinois",3611,CHI
691500,17031691500,"Census Tract 6915, Cook County, Illinois",1930,CHI
700100,17031700100,"Census Tract 7001, Cook County, Illinois",3427,CHI
700200,17031700200,"Census Tract 7002, Cook County, Illinois",6609,CHI
700301,17031700301,"Census Tract 7003.01, Cook County, Illinois",5728,CHI
700302,17031700302,"Census Tract 7003.02, Cook County, Illinois",5319,CHI
700401,17031700401,"Census Tract 7004.01, Cook County, Illinois",5923,CHI
700402,17031700402,"Census Tract 7004.02, Cook County, Illinois",3914,CHI
700501,17031700501,"Census Tract 7005.01, Cook County, Illinois",7125,CHI
700502,17031700502,"Census Tract 7005.02, Cook County, Illinois",3036,CHI
710100,17031710100,"Census Tract 7101, Cook County, Illinois",1275,CHI
710200,17031710200,"Census Tract 7102, Cook County, Illinois",5049,CHI
710300,17031710300,"Census Tract 7103, Cook County, Illinois",1414,CHI
710400,17031710400,"Census Tract 7104, Cook County, Illinois",5651,CHI
710500,17031710500,"Census Tract 7105, Cook County, Illinois",4123,CHI
710600,17031710600,"Census Tract 7106, Cook County, Illinois",1838,CHI
710700,17031710700,"Census Tract 7107, Cook County, Illinois",3583,CHI
710800,17031710800,"Census Tract 7108, Cook County, Illinois",5338,CHI
710900,17031710900,"Census Tract 7109, Cook County, Illinois",2198,CHI
711000,17031711000,"Census Tract 7110, Cook County, Illinois",3475,CHI
711100,17031711100,"Census Tract 7111, Cook County, Illinois",2835,CHI
711200,17031711200,"Census Tract 7112, Cook County, Illinois",5145,CHI
711300,17031711300,"Census Tract 7113, Cook County, Illinois",1626,CHI
711400,17031711400,"Census Tract 7114, Cook County, Illinois",2654,CHI
711500,17031711500,"Census Tract 7115, Cook County, Illinois",2539,CHI
720100,17031720100,"Census Tract 7201, Cook County, Illinois",3300,CHI
720200,17031720200,"Census Tract 7202, Cook County, Illinois",4016,CHI
720300,17031720300,"Census Tract 7203, Cook County, Illinois",3723,CHI
720400,17031720400,"Census Tract 7204, Cook County, Illinois",1924,CHI
720500,17031720500,"Census Tract 7205, Cook County, Illinois",2166,CHI
720600,17031720600,"Census Tract 7206, Cook County, Illinois",1756,CHI
720700,17031720700,"Census Tract 7207, Cook County, Illinois",3149,CHI
730100,17031730100,"Census Tract 7301, Cook County, Illinois",2424,CHI
730201,17031730201,"Census Tract 7302.01, Cook County, Illinois",5941,CHI
730202,17031730202,"Census Tract 7302.02, Cook County, Illinois",3115,CHI
730300,17031730300,"Census Tract 7303, Cook County, Illinois",1166,CHI
730400,17031730400,"Census Tract 7304, Cook County, Illinois",3514,CHI
730500,17031730500,"Census Tract 7305, Cook County, Illinois",4388,CHI
730600,17031730600,"Census Tract 7306, Cook County, Illinois",3614,CHI
730700,17031730700,"Census Tract 7307, Cook County, Illinois",2331,CHI
740100,17031740100,"Census Tract 7401, Cook County, Illinois",3048,CHI
740200,17031740200,"Census Tract 7402, Cook County, Illinois",6547,CHI
740300,17031740300,"Census Tract 7403, Cook County, Illinois",4713,CHI
740400,17031740400,"Census Tract 7404, Cook County, Illinois",4785,CHI
750100,17031750100,"Census Tract 7501, Cook County, Illinois",4147,CHI
750200,17031750200,"Census Tract 7502, Cook County, Illinois",3227,CHI
750300,17031750300,"Census Tract 7503, Cook County, Illinois",2530,CHI
750400,17031750400,"Census Tract 7504, Cook County, Illinois",3009,CHI
750500,17031750500,"Census Tract 7505, Cook County, Illinois",5936,CHI
750600,17031750600,"Census Tract 7506, Cook County, Illinois",3681,CHI
760801,17031760801,"Census Tract 7608.01, Cook County, Illinois",4047,CHI
760802,17031760802,"Census Tract 7608.02, Cook County, Illinois",2276,CHI
760803,17031760803,"Census Tract 7608.03, Cook County, Illinois",6236,CHI
770201,17031770201,"Census Tract 7702.01, Cook County, Illinois",5894,CCDPH
770202,17031770202,"Census Tract 7702.02, Cook County, Illinois",4912,CCDPH
770300,17031770300,"Census Tract 7703, Cook County, Illinois",7313,CCDPH
770400,17031770400,"Census Tract 7704, Cook County, Illinois",4505,CCDPH
770500,17031770500,"Census Tract 7705, Cook County, Illinois",4078,CCDPH
770601,17031770601,"Census Tract 7706.01, Cook County, Illinois",3232,CCDPH
770602,17031770602,"Census Tract 7706.02, Cook County, Illinois",4956,CCDPH
770700,17031770700,"Census Tract 7707, Cook County, Illinois",2681,CCDPH
770800,17031770800,"Census Tract 7708, Cook County, Illinois",5582,CCDPH
770901,17031770901,"Census Tract 7709.01, Cook County, Illinois",4934,CCDPH
770902,17031770902,"Census Tract 7709.02, Cook County, Illinois",3521,CCDPH
800100,17031800100,"Census Tract 8001, Cook County, Illinois",2419,CCDPH
800200,17031800200,"Census Tract 8002, Cook County, Illinois",6312,CCDPH
800300,17031800300,"Census Tract 8003, Cook County, Illinois",3501,CCDPH
800400,17031800400,"Census Tract 8004, Cook County, Illinois",3762,CCDPH
800500,17031800500,"Census Tract 8005, Cook County, Illinois",4901,CCDPH
800600,17031800600,"Census Tract 8006, Cook County, Illinois",2400,CCDPH
800700,17031800700,"Census Tract 8007, Cook County, Illinois",5135,CCDPH
800800,17031800800,"Census Tract 8008, Cook County, Illinois",2206,CCDPH
800900,17031800900,"Census Tract 8009, Cook County, Illinois",4416,CCDPH
801000,17031801000,"Census Tract 8010, Cook County, Illinois",4908,CCDPH
801100,17031801100,"Census Tract 8011, Cook County, Illinois",4715,CCDPH
801200,17031801200,"Census Tract 8012, Cook County, Illinois",3547,CCDPH
801300,17031801300,"Census Tract 8013, Cook County, Illinois",4283,CCDPH
801400,17031801400,"Census Tract 8014, Cook County, Illinois",2919,CCDPH
801500,17031801500,"Census Tract 8015, Cook County, Illinois",5928,CCDPH
801601,17031801601,"Census Tract 8016.01, Cook County, Illinois",4234,CCDPH
801603,17031801603,"Census Tract 8016.03, Cook County, Illinois",3855,CCDPH
801605,17031801605,"Census Tract 8016.05, Cook County, Illinois",5599,CCDPH
801606,17031801606,"Census Tract 8016.06, Cook County, Illinois",6066,CCDPH
801607,17031801607,"Census Tract 8016.07, Cook County, Illinois",5287,CCDPH
801608,17031801608,"Census Tract 8016.08, Cook County, Illinois",6564,CCDPH
801701,17031801701,"Census Tract 8017.01, Cook County, Illinois",3728,CCDPH
801702,17031801702,"Census Tract 8017.02, Cook County, Illinois",4671,CCDPH
801800,17031801800,"Census Tract 8018, Cook County, Illinois",5619,CCDPH
801901,17031801901,"Census Tract 8019.01, Cook County, Illinois",4369,CCDPH
801902,17031801902,"Census Tract 8019.02, Cook County, Illinois",3223,CCDPH
802002,17031802002,"Census Tract 8020.02, Cook County, Illinois",5071,CCDPH
802003,17031802003,"Census Tract 8020.03, Cook County, Illinois",2684,CCDPH
802004,17031802004,"Census Tract 8020.04, Cook County, Illinois",5381,CCDPH
802100,17031802100,"Census Tract 8021, Cook County, Illinois",3573,CCDPH
802200,17031802200,"Census Tract 8022, Cook County, Illinois",4410,CCDPH
802300,17031802300,"Census Tract 8023, Cook County, Illinois",4840,CCDPH
802402,17031802402,"Census Tract 8024.02, Cook County, Illinois",4821,CCDPH
802403,17031802403,"Census Tract 8024.03, Cook County, Illinois",1399,CCDPH
802404,17031802404,"Census Tract 8024.04, Cook County, Illinois",7226,CCDPH
802503,17031802503,"Census Tract 8025.03, Cook County, Illinois",6200,CCDPH
802504,17031802504,"Census Tract 8025.04, Cook County, Illinois",6601,CCDPH
802505,17031802505,"Census Tract 8025.05, Cook County, Illinois",6844,CCDPH
802506,17031802506,"Census Tract 8025.06, Cook County, Illinois",2508,CCDPH
802605,17031802605,"Census Tract 8026.05, Cook County, Illinois",6799,CCDPH
802607,17031802607,"Census Tract 8026.07, Cook County, Illinois",1444,CCDPH
802608,17031802608,"Census Tract 8026.08, Cook County, Illinois",6256,CCDPH
802609,17031802609,"Census Tract 8026.09, Cook County, Illinois",6699,CCDPH
802610,17031802610,"Census Tract 8026.10, Cook County, Illinois",1729,CCDPH
802701,17031802701,"Census Tract 8027.01, Cook County, Illinois",6952,CCDPH
802702,17031802702,"Census Tract 8027.02, Cook County, Illinois",4498,CCDPH
802801,17031802801,"Census Tract 8028.01, Cook County, Illinois",4793,CCDPH
802802,17031802802,"Census Tract 8028.02, Cook County, Illinois",6594,CCDPH
802900,17031802900,"Census Tract 8029, Cook County, Illinois",6080,CCDPH
803005,17031803005,"Census Tract 8030.05, Cook County, Illinois",2655,CCDPH
803007,17031803007,"Census Tract 8030.07, Cook County, Illinois",5247,CCDPH
803008,17031803008,"Census Tract 8030.08, Cook County, Illinois",4712,CCDPH
803010,17031803010,"Census Tract 8030.10, Cook County, Illinois",5196,CCDPH
803012,17031803012,"Census Tract 8030.12, Cook County, Illinois",2221,CCDPH
803013,17031803013,"Census Tract 8030.13, Cook County, Illinois",5449,CCDPH
803014,17031803014,"Census Tract 8030.14, Cook County, Illinois",3430,CCDPH
803015,17031803015,"Census Tract 8030.15, Cook County, Illinois",4459,CCDPH
803016,17031803016,"Census Tract 8030.16, Cook County, Illinois",1979,CCDPH
803017,17031803017,"Census Tract 8030.17, Cook County, Illinois",6058,CCDPH
803100,17031803100,"Census Tract 8031, Cook County, Illinois",3440,CCDPH
803200,17031803200,"Census Tract 8032, Cook County, Illinois",5586,CCDPH
803300,17031803300,"Census Tract 8033, Cook County, Illinois",5543,CCDPH
803400,17031803400,"Census Tract 8034, Cook County, Illinois",6384,CCDPH
803500,17031803500,"Census Tract 8035, Cook County, Illinois",5813,CCDPH
803603,17031803603,"Census Tract 8036.03, Cook County, Illinois",6751,CCDPH
803604,17031803604,"Census Tract 8036.04, Cook County, Illinois",4314,CCDPH
803605,17031803605,"Census Tract 8036.05, Cook County, Illinois",7253,CCDPH
803606,17031803606,"Census Tract 8036.06, Cook County, Illinois",8287,CCDPH
803607,17031803607,"Census Tract 8036.07, Cook County, Illinois",5164,CCDPH
803608,17031803608,"Census Tract 8036.08, Cook County, Illinois",7326,CCDPH
803610,17031803610,"Census Tract 8036.10, Cook County, Illinois",7198,CCDPH
803611,17031803611,"Census Tract 8036.11, Cook County, Illinois",6112,CCDPH
803612,17031803612,"Census Tract 8036.12, Cook County, Illinois",3536,CCDPH
803701,17031803701,"Census Tract 8037.01, Cook County, Illinois",2705,CCDPH
803702,17031803702,"Census Tract 8037.02, Cook County, Illinois",6255,CCDPH
803800,17031803800,"Census Tract 8038, Cook County, Illinois",4725,CCDPH
803901,17031803901,"Census Tract 8039.01, Cook County, Illinois",3452,CCDPH
803902,17031803902,"Census Tract 8039.02, Cook County, Illinois",3513,CCDPH
804000,17031804000,"Census Tract 8040, Cook County, Illinois",4587,CCDPH
804102,17031804102,"Census Tract 8041.02, Cook County, Illinois",6993,CCDPH
804104,17031804104,"Census Tract 8041.04, Cook County, Illinois",4980,CCDPH
804105,17031804105,"Census Tract 8041.05, Cook County, Illinois",4000,CCDPH
804106,17031804106,"Census Tract 8041.06, Cook County, Illinois",7024,CCDPH
804108,17031804108,"Census Tract 8041.08, Cook County, Illinois",3879,CCDPH
804109,17031804109,"Census Tract 8041.09, Cook County, Illinois",2955,CCDPH
804201,17031804201,"Census Tract 8042.01, Cook County, Illinois",8173,CCDPH
804202,17031804202,"Census Tract 8042.02, Cook County, Illinois",7463,CCDPH
804305,17031804305,"Census Tract 8043.05, Cook County, Illinois",7216,CCDPH
804306,17031804306,"Census Tract 8043.06, Cook County, Illinois",5564,CCDPH
804308,17031804308,"Census Tract 8043.08, Cook County, Illinois",5486,CCDPH
804309,17031804309,"Census Tract 8043.09, Cook County, Illinois",3230,CCDPH
804310,17031804310,"Census Tract 8043.10, Cook County, Illinois",9088,CCDPH
804311,17031804311,"Census Tract 8043.11, Cook County, Illinois",8148,CCDPH
804403,17031804403,"Census Tract 8044.03, Cook County, Illinois",6760,CCDPH
804404,17031804404,"Census Tract 8044.04, Cook County, Illinois",5233,CCDPH
804405,17031804405,"Census Tract 8044.05, Cook County, Illinois",3701,CCDPH
804406,17031804406,"Census Tract 8044.06, Cook County, Illinois",6247,CCDPH
804505,17031804505,"Census Tract 8045.05, Cook County, Illinois",3831,CCDPH
804506,17031804506,"Census Tract 8045.06, Cook County, Illinois",5461,CCDPH
804507,17031804507,"Census Tract 8045.07, Cook County, Illinois",12480,CCDPH
804508,17031804508,"Census Tract 8045.08, Cook County, Illinois",2244,CCDPH
804509,17031804509,"Census Tract 8045.09, Cook County, Illinois",6288,CCDPH
804510,17031804510,"Census Tract 8045.10, Cook County, Illinois",6145,CCDPH
804511,17031804511,"Census Tract 8045.11, Cook County, Illinois",2414,CCDPH
804603,17031804603,"Census Tract 8046.03, Cook County, Illinois",5581,CCDPH
804606,17031804606,"Census Tract 8046.06, Cook County, Illinois",7118,CCDPH
804607,17031804607,"Census Tract 8046.07, Cook County, Illinois",7049,CCDPH
804608,17031804608,"Census Tract 8046.08, Cook County, Illinois",3787,CCDPH
804609,17031804609,"Census Tract 8046.09, Cook County, Illinois",5672,CCDPH
804610,17031804610,"Census Tract 8046.10, Cook County, Illinois",2320,CCDPH
804611,17031804611,"Census Tract 8046.11, Cook County, Illinois",4359,CCDPH
804701,17031804701,"Census Tract 8047.01, Cook County, Illinois",6837,CCDPH
804705,17031804705,"Census Tract 8047.05, Cook County, Illinois",3976,CCDPH
804706,17031804706,"Census Tract 8047.06, Cook County, Illinois",2472,CCDPH
804709,17031804709,"Census Tract 8047.09, Cook County, Illinois",6510,CCDPH
804710,17031804710,"Census Tract 8047.10, Cook County, Illinois",4350,CCDPH
804711,17031804711,"Census Tract 8047.11, Cook County, Illinois",7442,CCDPH
804712,17031804712,"Census Tract 8047.12, Cook County, Illinois",5392,CCDPH
804713,17031804713,"Census Tract 8047.13, Cook County, Illinois",4694,CCDPH
804714,17031804714,"Census Tract 8047.14, Cook County, Illinois",3480,CCDPH
804715,17031804715,"Census Tract 8047.15, Cook County, Illinois",3292,CCDPH
804716,17031804716,"Census Tract 8047.16, Cook County, Illinois",5490,CCDPH
804803,17031804803,"Census Tract 8048.03, Cook County, Illinois",5392,CCDPH
804804,17031804804,"Census Tract 8048.04, Cook County, Illinois",6537,CCDPH
804805,17031804805,"Census Tract 8048.05, Cook County, Illinois",6911,CCDPH
804806,17031804806,"Census Tract 8048.06, Cook County, Illinois",3751,CCDPH
804807,17031804807,"Census Tract 8048.07, Cook County, Illinois",5172,CCDPH
804808,17031804808,"Census Tract 8048.08, Cook County, Illinois",2533,CCDPH
804809,17031804809,"Census Tract 8048.09, Cook County, Illinois",4224,CCDPH
804810,17031804810,"Census Tract 8048.10, Cook County, Illinois",6949,CCDPH
804901,17031804901,"Census Tract 8049.01, Cook County, Illinois",6648,CCDPH
804902,17031804902,"Census Tract 8049.02, Cook County, Illinois",5523,CCDPH
805001,17031805001,"Census Tract 8050.01, Cook County, Illinois",4694,CCDPH
805002,17031805002,"Census Tract 8050.02, Cook County, Illinois",6941,CCDPH
805105,17031805105,"Census Tract 8051.05, Cook County, Illinois",7356,CCDPH
805106,17031805106,"Census Tract 8051.06, Cook County, Illinois",2718,CCDPH
805107,17031805107,"Census Tract 8051.07, Cook County, Illinois",6460,CCDPH
805108,17031805108,"Census Tract 8051.08, Cook County, Illinois",6699,CCDPH
805109,17031805109,"Census Tract 8051.09, Cook County, Illinois",4359,CCDPH
805110,17031805110,"Census Tract 8051.10, Cook County, Illinois",4220,CCDPH
805111,17031805111,"Census Tract 8051.11, Cook County, Illinois",7027,CCDPH
805112,17031805112,"Census Tract 8051.12, Cook County, Illinois",3558,CCDPH
805201,17031805201,"Census Tract 8052.01, Cook County, Illinois",3406,CCDPH
805202,17031805202,"Census Tract 8052.02, Cook County, Illinois",4028,CCDPH
805301,17031805301,"Census Tract 8053.01, Cook County, Illinois",3496,CCDPH
805302,17031805302,"Census Tract 8053.02, Cook County, Illinois",3602,CCDPH
805401,17031805401,"Census Tract 8054.01, Cook County, Illinois",3841,CCDPH
805402,17031805402,"Census Tract 8054.02, Cook County, Illinois",5095,CCDPH
805501,17031805501,"Census Tract 8055.01, Cook County, Illinois",3400,CCDPH
805502,17031805502,"Census Tract 8055.02, Cook County, Illinois",3888,CCDPH
805600,17031805600,"Census Tract 8056, Cook County, Illinois",4511,CCDPH
805701,17031805701,"Census Tract 8057.01, Cook County, Illinois",5074,CCDPH
805702,17031805702,"Census Tract 8057.02, Cook County, Illinois",2015,CCDPH
805801,17031805801,"Census Tract 8058.01, Cook County, Illinois",2400,CCDPH
805802,17031805802,"Census Tract 8058.02, Cook County, Illinois",4926,CCDPH
805901,17031805901,"Census Tract 8059.01, Cook County, Illinois",3834,CCDPH
805902,17031805902,"Census Tract 8059.02, Cook County, Illinois",6449,CCDPH
806001,17031806001,"Census Tract 8060.01, Cook County, Illinois",5812,CCDPH
806002,17031806002,"Census Tract 8060.02, Cook County, Illinois",7550,CCDPH
806003,17031806003,"Census Tract 8060.03, Cook County, Illinois",8109,CCDPH
806004,17031806004,"Census Tract 8060.04, Cook County, Illinois",7604,CCDPH
806102,17031806102,"Census Tract 8061.02, Cook County, Illinois",3973,CCDPH
806103,17031806103,"Census Tract 8061.03, Cook County, Illinois",5238,CCDPH
806104,17031806104,"Census Tract 8061.04, Cook County, Illinois",4206,CCDPH
806201,17031806201,"Census Tract 8062.01, Cook County, Illinois",4196,CCDPH
806202,17031806202,"Census Tract 8062.02, Cook County, Illinois",4550,CCDPH
806300,17031806300,"Census Tract 8063, Cook County, Illinois",4960,CCDPH
806400,17031806400,"Census Tract 8064, Cook County, Illinois",2494,CCDPH
806501,17031806501,"Census Tract 8065.01, Cook County, Illinois",2773,CCDPH
806502,17031806502,"Census Tract 8065.02, Cook County, Illinois",4205,CCDPH
806600,17031806600,"Census Tract 8066, Cook County, Illinois",3490,CCDPH
806700,17031806700,"Census Tract 8067, Cook County, Illinois",4409,SCC
806801,17031806801,"Census Tract 8068.01, Cook County, Illinois",4225,SCC
806802,17031806802,"Census Tract 8068.02, Cook County, Illinois",3300,SCC
806900,17031806900,"Census Tract 8069, Cook County, Illinois",4713,SCC
807000,17031807000,"Census Tract 8070, Cook County, Illinois",5736,SCC
807100,17031807100,"Census Tract 8071, Cook County, Illinois",3817,SCC
807200,17031807200,"Census Tract 8072, Cook County, Illinois",5912,SCC
807300,17031807300,"Census Tract 8073, Cook County, Illinois",7191,SCC
807400,17031807400,"Census Tract 8074, Cook County, Illinois",6518,SCC
807500,17031807500,"Census Tract 8075, Cook County, Illinois",3189,SCC
807600,17031807600,"Census Tract 8076, Cook County, Illinois",6540,SCC
807700,17031807700,"Census Tract 8077, Cook County, Illinois",5933,SCC
807800,17031807800,"Census Tract 8078, Cook County, Illinois",2624,SCC
807900,17031807900,"Census Tract 8079, Cook County, Illinois",4074,CCDPH
808001,17031808001,"Census Tract 8080.01, Cook County, Illinois",3646,CCDPH
808002,17031808002,"Census Tract 8080.02, Cook County, Illinois",4870,CCDPH
808100,17031808100,"Census Tract 8081, Cook County, Illinois",3931,CCDPH
808200,17031808200,"Census Tract 8082, Cook County, Illinois",5196,CCDPH
808301,17031808301,"Census Tract 8083.01, Cook County, Illinois",5625,CCDPH
808302,17031808302,"Census Tract 8083.02, Cook County, Illinois",3934,CCDPH
808400,17031808400,"Census Tract 8084, Cook County, Illinois",4411,CCDPH
808500,17031808500,"Census Tract 8085, Cook County, Illinois",4073,CCDPH
808600,17031808600,"Census Tract 8086, Cook County, Illinois",2015,CCDPH
808702,17031808702,"Census Tract 8087.02, Cook County, Illinois",5504,SCC
808800,17031808800,"Census Tract 8088, Cook County, Illinois",3955,SCC
808900,17031808900,"Census Tract 8089, Cook County, Illinois",4101,SCC
809000,17031809000,"Census Tract 8090, Cook County, Illinois",3976,SCC
809100,17031809100,"Census Tract 8091, Cook County, Illinois",3387,SCC
809200,17031809200,"Census Tract 8092, Cook County, Illinois",4611,SCC
809300,17031809300,"Census Tract 8093, Cook County, Illinois",4816,SCC
809400,17031809400,"Census Tract 8094, Cook County, Illinois",5804,SCC
809500,17031809500,"Census Tract 8095, Cook County, Illinois",3670,SCC
809600,17031809600,"Census Tract 8096, Cook County, Illinois",3301,SCC
809700,17031809700,"Census Tract 8097, Cook County, Illinois",3649,SCC
809800,17031809800,"Census Tract 8098, Cook County, Illinois",2717,SCC
809900,17031809900,"Census Tract 8099, Cook County, Illinois",2855,SCC
810000,17031810000,"Census Tract 8100, Cook County, Illinois",4896,SCC
810100,17031810100,"Census Tract 8101, Cook County, Illinois",4253,SCC
810200,17031810200,"Census Tract 8102, Cook County, Illinois",5739,SCC
810301,17031810301,"Census Tract 8103.01, Cook County, Illinois",4002,SCC
810302,17031810302,"Census Tract 8103.02, Cook County, Illinois",3250,SCC
810400,17031810400,"Census Tract 8104, Cook County, Illinois",5350,CCDPH
810501,17031810501,"Census Tract 8105.01, Cook County, Illinois",5049,CCDPH
810502,17031810502,"Census Tract 8105.02, Cook County, Illinois",5164,CCDPH
810600,17031810600,"Census Tract 8106, Cook County, Illinois",4717,CCDPH
810701,17031810701,"Census Tract 8107.01, Cook County, Illinois",4916,CCDPH
810702,17031810702,"Census Tract 8107.02, Cook County, Illinois",3918,CCDPH
810800,17031810800,"Census Tract 8108, Cook County, Illinois",5324,CCDPH
810900,17031810900,"Census Tract 8109, Cook County, Illinois",6429,CCDPH
811000,17031811000,"Census Tract 8110, Cook County, Illinois",4296,CCDPH
811100,17031811100,"Census Tract 8111, Cook County, Illinois",6520,CCDPH
811200,17031811200,"Census Tract 8112, Cook County, Illinois",5270,CCDPH
811301,17031811301,"Census Tract 8113.01, Cook County, Illinois",4845,CCDPH
811302,17031811302,"Census Tract 8113.02, Cook County, Illinois",3778,CCDPH
811401,17031811401,"Census Tract 8114.01, Cook County, Illinois",4842,CCDPH
811402,17031811402,"Census Tract 8114.02, Cook County, Illinois",4433,CCDPH
811500,17031811500,"Census Tract 8115, Cook County, Illinois",5895,CCDPH
811600,17031811600,"Census Tract 8116, Cook County, Illinois",6213,CCDPH
811701,17031811701,"Census Tract 8117.01, Cook County, Illinois",3858,CCDPH
811702,17031811702,"Census Tract 8117.02, Cook County, Illinois",5124,CCDPH
811800,17031811800,"Census Tract 8118, Cook County, Illinois",5399,CCDPH
811900,17031811900,"Census Tract 8119, Cook County, Illinois",5738,CCDPH
812000,17031812000,"Census Tract 8120, Cook County, Illinois",5434,CCDPH
812100,17031812100,"Census Tract 8121, Cook County, Illinois",4560,SCC
812200,17031812200,"Census Tract 8122, Cook County, Illinois",3942,SCC
812301,17031812301,"Census Tract 8123.01, Cook County, Illinois",3972,SCC
812302,17031812302,"Census Tract 8123.02, Cook County, Illinois",2818,SCC
812400,17031812400,"Census Tract 8124, Cook County, Illinois",3491,SCC
812500,17031812500,"Census Tract 8125, Cook County, Illinois",3375,SCC
812600,17031812600,"Census Tract 8126, Cook County, Illinois",3706,SCC
812700,17031812700,"Census Tract 8127, Cook County, Illinois",3216,SCC
812801,17031812801,"Census Tract 8128.01, Cook County, Illinois",2943,SCC
812802,17031812802,"Census Tract 8128.02, Cook County, Illinois",2444,SCC
812900,17031812900,"Census Tract 8129, Cook County, Illinois",4749,SCC
813000,17031813000,"Census Tract 8130, Cook County, Illinois",3873,SCC
813100,17031813100,"Census Tract 8131, Cook County, Illinois",4538,SCC
813200,17031813200,"Census Tract 8132, Cook County, Illinois",4251,SCC
813301,17031813301,"Census Tract 8133.01, Cook County, Illinois",3502,CCDPH
813302,17031813302,"Census Tract 8133.02, Cook County, Illinois",3934,CCDPH
813400,17031813400,"Census Tract 8134, Cook County, Illinois",7551,CCDPH
813500,17031813500,"Census Tract 8135, Cook County, Illinois",6994,CCDPH
813600,17031813600,"Census Tract 8136, Cook County, Illinois",5334,CCDPH
813701,17031813701,"Census Tract 8137.01, Cook County, Illinois",3780,CCDPH
813702,17031813702,"Census Tract 8137.02, Cook County, Illinois",4263,CCDPH
813801,17031813801,"Census Tract 8138.01, Cook County, Illinois",2893,CCDPH
813802,17031813802,"Census Tract 8138.02, Cook County, Illinois",5130,CCDPH
813900,17031813900,"Census Tract 8139, Cook County, Illinois",6329,CCDPH
814000,17031814000,"Census Tract 8140, Cook County, Illinois",4746,CCDPH
814100,17031814100,"Census Tract 8141, Cook County, Illinois",4544,CCDPH
814200,17031814200,"Census Tract 8142, Cook County, Illinois",7375,CCDPH
814300,17031814300,"Census Tract 8143, Cook County, Illinois",4884,CCDPH
814400,17031814400,"Census Tract 8144, Cook County, Illinois",7654,CCDPH
814500,17031814500,"Census Tract 8145, Cook County, Illinois",4978,CCDPH
814600,17031814600,"Census Tract 8146, Cook County, Illinois",5723,CCDPH
814700,17031814700,"Census Tract 8147, Cook County, Illinois",5646,CCDPH
814800,17031814800,"Census Tract 8148, Cook County, Illinois",6466,CCDPH
814900,17031814900,"Census Tract 8149, Cook County, Illinois",6181,CCDPH
815000,17031815000,"Census Tract 8150, Cook County, Illinois",4131,CCDPH
815100,17031815100,"Census Tract 8151, Cook County, Illinois",4435,CCDPH
815200,17031815200,"Census Tract 8152, Cook County, Illinois",6967,CCDPH
815300,17031815300,"Census Tract 8153, Cook County, Illinois",3617,CCDPH
815400,17031815400,"Census Tract 8154, Cook County, Illinois",5502,CCDPH
815500,17031815500,"Census Tract 8155, Cook County, Illinois",7989,CCDPH
815600,17031815600,"Census Tract 8156, Cook County, Illinois",4973,CCDPH
815701,17031815701,"Census Tract 8157.01, Cook County, Illinois",3927,CCDPH
815702,17031815702,"Census Tract 8157.02, Cook County, Illinois",5128,CCDPH
815800,17031815800,"Census Tract 8158, Cook County, Illinois",1566,CCDPH
815900,17031815900,"Census Tract 8159, Cook County, Illinois",4392,CCDPH
816000,17031816000,"Census Tract 8160, Cook County, Illinois",3330,CCDPH
816100,17031816100,"Census Tract 8161, Cook County, Illinois",6445,CCDPH
816200,17031816200,"Census Tract 8162, Cook County, Illinois",4192,CCDPH
816300,17031816300,"Census Tract 8163, Cook County, Illinois",4800,CCDPH
816401,17031816401,"Census Tract 8164.01, Cook County, Illinois",5142,CCDPH
816402,17031816402,"Census Tract 8164.02, Cook County, Illinois",4404,CCDPH
816500,17031816500,"Census Tract 8165, Cook County, Illinois",4438,CCDPH
816600,17031816600,"Census Tract 8166, Cook County, Illinois",4828,CCDPH
816700,17031816700,"Census Tract 8167, Cook County, Illinois",2809,CCDPH
816800,17031816800,"Census Tract 8168, Cook County, Illinois",5368,CCDPH
816900,17031816900,"Census Tract 8169, Cook County, Illinois",5885,CCDPH
817000,17031817000,"Census Tract 8170, Cook County, Illinois",5459,CCDPH
817101,17031817101,"Census Tract 8171.01, Cook County, Illinois",4542,CCDPH
817102,17031817102,"Census Tract 8171.02, Cook County, Illinois",3189,CCDPH
817200,17031817200,"Census Tract 8172, Cook County, Illinois",4684,CCDPH
817300,17031817300,"Census Tract 8173, Cook County, Illinois",2653,CCDPH
817400,17031817400,"Census Tract 8174, Cook County, Illinois",4204,CCDPH
817500,17031817500,"Census Tract 8175, Cook County, Illinois",3623,CCDPH
817600,17031817600,"Census Tract 8176, Cook County, Illinois",3997,CCDPH
817700,17031817700,"Census Tract 8177, Cook County, Illinois",4929,CCDPH
817900,17031817900,"Census Tract 8179, Cook County, Illinois",5632,CCDPH
818000,17031818000,"Census Tract 8180, Cook County, Illinois",4234,CCDPH
818100,17031818100,"Census Tract 8181, Cook County, Illinois",2318,CCDPH
818200,17031818200,"Census Tract 8182, Cook County, Illinois",4702,CCDPH
818300,17031818300,"Census Tract 8183, Cook County, Illinois",5826,CCDPH
818401,17031818401,"Census Tract 8184.01, Cook County, Illinois",3634,CCDPH
818402,17031818402,"Census Tract 8184.02, Cook County, Illinois",3051,CCDPH
818500,17031818500,"Census Tract 8185, Cook County, Illinois",5682,CCDPH
818600,17031818600,"Census Tract 8186, Cook County, Illinois",4715,CCDPH
818700,17031818700,"Census Tract 8187, Cook County, Illinois",3625,CCDPH
818800,17031818800,"Census Tract 8188, Cook County, Illinois",5556,CCDPH
818900,17031818900,"Census Tract 8189, Cook County, Illinois",4299,CCDPH
819000,17031819000,"Census Tract 8190, Cook County, Illinois",5117,CCDPH
819100,17031819100,"Census Tract 8191, Cook County, Illinois",4552,CCDPH
819200,17031819200,"Census Tract 8192, Cook County, Illinois",6107,CCDPH
819300,17031819300,"Census Tract 8193, Cook County, Illinois",2693,CCDPH
819400,17031819400,"Census Tract 8194, Cook County, Illinois",5538,CCDPH
819500,17031819500,"Census Tract 8195, Cook County, Illinois",3212,CCDPH
819600,17031819600,"Census Tract 8196, Cook County, Illinois",4010,CCDPH
819700,17031819700,"Census Tract 8197, Cook County, Illinois",5917,CCDPH
819801,17031819801,"Census Tract 8198.01, Cook County, Illinois",5278,CCDPH
819802,17031819802,"Census Tract 8198.02, Cook County, Illinois",2678,CCDPH
819900,17031819900,"Census Tract 8199, Cook County, Illinois",3398,CCDPH
820000,17031820000,"Census Tract 8200, Cook County, Illinois",2158,CCDPH
820101,17031820101,"Census Tract 8201.01, Cook County, Illinois",6937,CCDPH
820103,17031820103,"Census Tract 8201.03, Cook County, Illinois",4016,CCDPH
820104,17031820104,"Census Tract 8201.04, Cook County, Illinois",4165,CCDPH
820201,17031820201,"Census Tract 8202.01, Cook County, Illinois",7827,CCDPH
820202,17031820202,"Census Tract 8202.02, Cook County, Illinois",3536,CCDPH
820300,17031820300,"Census Tract 8203, Cook County, Illinois",5353,CCDPH
820400,17031820400,"Census Tract 8204, Cook County, Illinois",5701,CCDPH
820501,17031820501,"Census Tract 8205.01, Cook County, Illinois",6115,CCDPH
820502,17031820502,"Census Tract 8205.02, Cook County, Illinois",5150,CCDPH
820603,17031820603,"Census Tract 8206.03, Cook County, Illinois",5254,CCDPH
820604,17031820604,"Census Tract 8206.04, Cook County, Illinois",3839,CCDPH
820605,17031820605,"Census Tract 8206.05, Cook County, Illinois",4604,CCDPH
820606,17031820606,"Census Tract 8206.06, Cook County, Illinois",3650,CCDPH
820700,17031820700,"Census Tract 8207, Cook County, Illinois",6786,SCC
820800,17031820800,"Census Tract 8208, Cook County, Illinois",3626,SCC
820901,17031820901,"Census Tract 8209.01, Cook County, Illinois",5686,CCDPH
820902,17031820902,"Census Tract 8209.02, Cook County, Illinois",5017,SCC
821001,17031821001,"Census Tract 8210.01, Cook County, Illinois",5233,SCC
821002,17031821002,"Census Tract 8210.02, Cook County, Illinois",5593,SCC
821101,17031821101,"Census Tract 8211.01, Cook County, Illinois",4784,SCC
821102,17031821102,"Census Tract 8211.02, Cook County, Illinois",4047,SCC
821200,17031821200,"Census Tract 8212, Cook County, Illinois",6003,CCDPH
821300,17031821300,"Census Tract 8213, Cook County, Illinois",5519,CCDPH
821401,17031821401,"Census Tract 8214.01, Cook County, Illinois",3338,CCDPH
821402,17031821402,"Census Tract 8214.02, Cook County, Illinois",3587,CCDPH
821500,17031821500,"Census Tract 8215, Cook County, Illinois",2341,CCDPH
821600,17031821600,"Census Tract 8216, Cook County, Illinois",4393,CCDPH
821700,17031821700,"Census Tract 8217, Cook County, Illinois",4889,CCDPH
821800,17031821800,"Census Tract 8218, Cook County, Illinois",5337,CCDPH
821900,17031821900,"Census Tract 8219, Cook County, Illinois",5233,CCDPH
822000,17031822000,"Census Tract 8220, Cook County, Illinois",4349,CCDPH
822101,17031822101,"Census Tract 8221.01, Cook County, Illinois",4480,CCDPH
822102,17031822102,"Census Tract 8221.02, Cook County, Illinois",4414,CCDPH
822200,17031822200,"Census Tract 8222, Cook County, Illinois",3703,CCDPH
822301,17031822301,"Census Tract 8223.01, Cook County, Illinois",3836,CCDPH
822302,17031822302,"Census Tract 8223.02, Cook County, Illinois",4484,CCDPH
822400,17031822400,"Census Tract 8224, Cook County, Illinois",6226,CCDPH
822500,17031822500,"Census Tract 8225, Cook County, Illinois",4455,CCDPH
822601,17031822601,"Census Tract 8226.01, Cook County, Illinois",4470,CCDPH
822602,17031822602,"Census Tract 8226.02, Cook County, Illinois",7061,CCDPH
822701,17031822701,"Census Tract 8227.01, Cook County, Illinois",4181,CCDPH
822702,17031822702,"Census Tract 8227.02, Cook County, Illinois",3745,CCDPH
822801,17031822801,"Census Tract 8228.01, Cook County, Illinois",3345,CCDPH
822802,17031822802,"Census Tract 8228.02, Cook County, Illinois",3616,CCDPH
822900,17031822900,"Census Tract 8229, Cook County, Illinois",2042,CCDPH
823001,17031823001,"Census Tract 8230.01, Cook County, Illinois",6450,CCDPH
823002,17031823002,"Census Tract 8230.02, Cook County, Illinois",6077,CCDPH
823101,17031823101,"Census Tract 8231.01, Cook County, Illinois",4412,CCDPH
823102,17031823102,"Census Tract 8231.02, Cook County, Illinois",3641,CCDPH
823200,17031823200,"Census Tract 8232, Cook County, Illinois",4877,CCDPH
823302,17031823302,"Census Tract 8233.02, Cook County, Illinois",5794,CCDPH
823303,17031823303,"Census Tract 8233.03, Cook County, Illinois",4519,CCDPH
823304,17031823304,"Census Tract 8233.04, Cook County, Illinois",5927,CCDPH
823400,17031823400,"Census Tract 8234, Cook County, Illinois",5052,CCDPH
823500,17031823500,"Census Tract 8235, Cook County, Illinois",4545,CCDPH
823602,17031823602,"Census Tract 8236.02, Cook County, Illinois",6267,CCDPH
823603,17031823603,"Census Tract 8236.03, Cook County, Illinois",2702,CCDPH
823604,17031823604,"Census Tract 8236.04, Cook County, Illinois",3578,CCDPH
823605,17031823605,"Census Tract 8236.05, Cook County, Illinois",4547,CCDPH
823702,17031823702,"Census Tract 8237.02, Cook County, Illinois",6650,CCDPH
823703,17031823703,"Census Tract 8237.03, Cook County, Illinois",7940,CCDPH
823704,17031823704,"Census Tract 8237.04, Cook County, Illinois",4020,CCDPH
823705,17031823705,"Census Tract 8237.05, Cook County, Illinois",4618,CCDPH
823801,17031823801,"Census Tract 8238.01, Cook County, Illinois",5716,CCDPH
823803,17031823803,"Census Tract 8238.03, Cook County, Illinois",6760,CCDPH
823805,17031823805,"Census Tract 8238.05, Cook County, Illinois",2953,CCDPH
823806,17031823806,"Census Tract 8238.06, Cook County, Illinois",3716,CCDPH
823901,17031823901,"Census Tract 8239.01, Cook County, Illinois",3519,CCDPH
823903,17031823903,"Census Tract 8239.03, Cook County, Illinois",4707,CCDPH
823904,17031823904,"Census Tract 8239.04, Cook County, Illinois",4016,CCDPH
824003,17031824003,"Census Tract 8240.03, Cook County, Illinois",6336,CCDPH
824004,17031824004,"Census Tract 8240.04, Cook County, Illinois",5371,CCDPH
824005,17031824005,"Census Tract 8240.05, Cook County, Illinois",5539,CCDPH
824006,17031824006,"Census Tract 8240.06, Cook County, Illinois",3867,CCDPH
824105,17031824105,"Census Tract 8241.05, Cook County, Illinois",6845,CCDPH
824106,17031824106,"Census Tract 8241.06, Cook County, Illinois",7063,CCDPH
824107,17031824107,"Census Tract 8241.07, Cook County, Illinois",6493,CCDPH
824108,17031824108,"Census Tract 8241.08, Cook County, Illinois",8063,CCDPH
824113,17031824113,"Census Tract 8241.13, Cook County, Illinois",6562,CCDPH
824114,17031824114,"Census Tract 8241.14, Cook County, Illinois",4709,CCDPH
824115,17031824115,"Census Tract 8241.15, Cook County, Illinois",3920,CCDPH
824116,17031824116,"Census Tract 8241.16, Cook County, Illinois",4718,CCDPH
824117,17031824117,"Census Tract 8241.17, Cook County, Illinois",9868,CCDPH
824119,17031824119,"Census Tract 8241.19, Cook County, Illinois",5675,CCDPH
824120,17031824120,"Census Tract 8241.20, Cook County, Illinois",8680,CCDPH
824121,17031824121,"Census Tract 8241.21, Cook County, Illinois",3174,CCDPH
824122,17031824122,"Census Tract 8241.22, Cook County, Illinois",6423,CCDPH
824123,17031824123,"Census Tract 8241.23, Cook County, Illinois",7756,CCDPH
824300,17031824300,"Census Tract 8243, Cook County, Illinois",4814,CCDPH
824400,17031824400,"Census Tract 8244, Cook County, Illinois",2317,CCDPH
824503,17031824503,"Census Tract 8245.03, Cook County, Illinois",6740,CCDPH
824505,17031824505,"Census Tract 8245.05, Cook County, Illinois",6869,CCDPH
824506,17031824506,"Census Tract 8245.06, Cook County, Illinois",7617,CCDPH
824507,17031824507,"Census Tract 8245.07, Cook County, Illinois",4214,CCDPH
824601,17031824601,"Census Tract 8246.01, Cook County, Illinois",4394,CCDPH
824602,17031824602,"Census Tract 8246.02, Cook County, Illinois",6545,CCDPH
824701,17031824701,"Census Tract 8247.01, Cook County, Illinois",3962,CCDPH
824702,17031824702,"Census Tract 8247.02, Cook County, Illinois",5607,CCDPH
824800,17031824800,"Census Tract 8248, Cook County, Illinois",7756,CCDPH
824900,17031824900,"Census Tract 8249, Cook County, Illinois",3079,CCDPH
825000,17031825000,"Census Tract 8250, Cook County, Illinois",5103,CCDPH
825200,17031825200,"Census Tract 8252, Cook County, Illinois",2009,CCDPH
825302,17031825302,"Census Tract 8253.02, Cook County, Illinois",6277,CCDPH
825303,17031825303,"Census Tract 8253.03, Cook County, Illinois",3872,CCDPH
825304,17031825304,"Census Tract 8253.04, Cook County, Illinois",4056,CCDPH
825400,17031825400,"Census Tract 8254, Cook County, Illinois",5419,CCDPH
825501,17031825501,"Census Tract 8255.01, Cook County, Illinois",5583,CCDPH
825503,17031825503,"Census Tract 8255.03, Cook County, Illinois",6608,CCDPH
825504,17031825504,"Census Tract 8255.04, Cook County, Illinois",3734,CCDPH
825505,17031825505,"Census Tract 8255.05, Cook County, Illinois",5525,CCDPH
825600,17031825600,"Census Tract 8256, Cook County, Illinois",5627,CCDPH
825700,17031825700,"Census Tract 8257, Cook County, Illinois",4206,CCDPH
825801,17031825801,"Census Tract 8258.01, Cook County, Illinois",3550,CCDPH
825802,17031825802,"Census Tract 8258.02, Cook County, Illinois",5850,CCDPH
825803,17031825803,"Census Tract 8258.03, Cook County, Illinois",5811,CCDPH
825900,17031825900,"Census Tract 8259, Cook County, Illinois",3374,CCDPH
826000,17031826000,"Census Tract 8260, Cook County, Illinois",3334,CCDPH
826100,17031826100,"Census Tract 8261, Cook County, Illinois",6414,CCDPH
826201,17031826201,"Census Tract 8262.01, Cook County, Illinois",3596,CCDPH
826202,17031826202,"Census Tract 8262.02, Cook County, Illinois",5873,CCDPH
826301,17031826301,"Census Tract 8263.01, Cook County, Illinois",3956,CCDPH
826303,17031826303,"Census Tract 8263.03, Cook County, Illinois",4162,CCDPH
826304,17031826304,"Census Tract 8263.04, Cook County, Illinois",3203,CCDPH
826401,17031826401,"Census Tract 8264.01, Cook County, Illinois",4072,CCDPH
826402,17031826402,"Census Tract 8264.02, Cook County, Illinois",5132,CCDPH
826500,17031826500,"Census Tract 8265, Cook County, Illinois",5936,CCDPH
826600,17031826600,"Census Tract 8266, Cook County, Illinois",5540,CCDPH
826700,17031826700,"Census Tract 8267, Cook County, Illinois",5569,CCDPH
826800,17031826800,"Census Tract 8268, Cook County, Illinois",5436,CCDPH
826901,17031826901,"Census Tract 8269.01, Cook County, Illinois",1894,CCDPH
826902,17031826902,"Census Tract 8269.02, Cook County, Illinois",1643,CCDPH
827000,17031827000,"Census Tract 8270, Cook County, Illinois",3624,CCDPH
827100,17031827100,"Census Tract 8271, Cook County, Illinois",2716,CCDPH
827200,17031827200,"Census Tract 8272, Cook County, Illinois",4140,CCDPH
827300,17031827300,"Census Tract 8273, Cook County, Illinois",2947,CCDPH
827400,17031827400,"Census Tract 8274, Cook County, Illinois",4298,CCDPH
827500,17031827500,"Census Tract 8275, Cook County, Illinois",5382,CCDPH
827600,17031827600,"Census Tract 8276, Cook County, Illinois",3463,CCDPH
827700,17031827700,"Census Tract 8277, Cook County, Illinois",2902,CCDPH
827801,17031827801,"Census Tract 8278.01, Cook County, Illinois",4998,CCDPH
827802,17031827802,"Census Tract 8278.02, Cook County, Illinois",3385,CCDPH
827804,17031827804,"Census Tract 8278.04, Cook County, Illinois",3308,CCDPH
827805,17031827805,"Census Tract 8278.05, Cook County, Illinois",2866,CCDPH
827901,17031827901,"Census Tract 8279.01, Cook County, Illinois",2605,CCDPH
827902,17031827902,"Census Tract 8279.02, Cook County, Illinois",4524,CCDPH
828000,17031828000,"Census Tract 8280, Cook County, Illinois",5147,CCDPH
828100,17031828100,"Census Tract 8281, Cook County, Illinois",4844,CCDPH
828201,17031828201,"Census Tract 8282.01, Cook County, Illinois",4290,CCDPH
828202,17031828202,"Census Tract 8282.02, Cook County, Illinois",4585,CCDPH
828300,17031828300,"Census Tract 8283, Cook County, Illinois",3264,CCDPH
828401,17031828401,"Census Tract 8284.01, Cook County, Illinois",3644,CCDPH
828402,17031828402,"Census Tract 8284.02, Cook County, Illinois",3843,CCDPH
828503,17031828503,"Census Tract 8285.03, Cook County, Illinois",4627,CCDPH
828504,17031828504,"Census Tract 8285.04, Cook County, Illinois",5977,CCDPH
828505,17031828505,"Census Tract 8285.05, Cook County, Illinois",6428,CCDPH
828506,17031828506,"Census Tract 8285.06, Cook County, Illinois",8544,CCDPH
828601,17031828601,"Census Tract 8286.01, Cook County, Illinois",4187,CCDPH
828602,17031828602,"Census Tract 8286.02, Cook County, Illinois",4562,CCDPH
828701,17031828701,"Census Tract 8287.01, Cook County, Illinois",4071,CCDPH
828702,17031828702,"Census Tract 8287.02, Cook County, Illinois",4916,CCDPH
828801,17031828801,"Census Tract 8288.01, Cook County, Illinois",4969,CCDPH
828802,17031828802,"Census Tract 8288.02, Cook County, Illinois",3038,CCDPH
828900,17031828900,"Census Tract 8289, Cook County, Illinois",3920,CCDPH
829000,17031829000,"Census Tract 8290, Cook County, Illinois",1327,CCDPH
829100,17031829100,"Census Tract 8291, Cook County, Illinois",4144,CCDPH
829200,17031829200,"Census Tract 8292, Cook County, Illinois",5951,CCDPH
829301,17031829301,"Census Tract 8293.01, Cook County, Illinois",3982,CCDPH
829302,17031829302,"Census Tract 8293.02, Cook County, Illinois",3982,CCDPH
829401,17031829401,"Census Tract 8294.01, Cook County, Illinois",1394,CCDPH
829402,17031829402,"Census Tract 8294.02, Cook County, Illinois",3346,CCDPH
829500,17031829500,"Census Tract 8295, Cook County, Illinois",4146,CCDPH
829600,17031829600,"Census Tract 8296, Cook County, Illinois",3062,CCDPH
829700,17031829700,"Census Tract 8297, Cook County, Illinois",4349,CCDPH
829800,17031829800,"Census Tract 8298, Cook County, Illinois",6820,CCDPH
829901,17031829901,"Census Tract 8299.01, Cook County, Illinois",8744,CCDPH
829902,17031829902,"Census Tract 8299.02, Cook County, Illinois",6343,CCDPH
830001,17031830001,"Census Tract 8300.01, Cook County, Illinois",2105,CCDPH
830003,17031830003,"Census Tract 8300.03, Cook County, Illinois",7985,CCDPH
830004,17031830004,"Census Tract 8300.04, Cook County, Illinois",7233,CCDPH
830005,17031830005,"Census Tract 8300.05, Cook County, Illinois",3957,CCDPH
830006,17031830006,"Census Tract 8300.06, Cook County, Illinois",2487,CCDPH
830007,17031830007,"Census Tract 8300.07, Cook County, Illinois",5039,CCDPH
830008,17031830008,"Census Tract 8300.08, Cook County, Illinois",4537,CCDPH
830100,17031830100,"Census Tract 8301, Cook County, Illinois",3356,CCDPH
830201,17031830201,"Census Tract 8302.01, Cook County, Illinois",5351,CCDPH
830202,17031830202,"Census Tract 8302.02, Cook County, Illinois",3569,CCDPH
830300,17031830300,"Census Tract 8303, Cook County, Illinois",4748,CCDPH
830400,17031830400,"Census Tract 8304, Cook County, Illinois",4453,CCDPH
830500,17031830500,"Census Tract 8305, Cook County, Illinois",4660,CHI
830600,17031830600,"Census Tract 8306, Cook County, Illinois",5005,CHI
830700,17031830700,"Census Tract 8307, Cook County, Illinois",4247,CHI
830800,17031830800,"Census Tract 8308, Cook County, Illinois",2391,CHI
830900,17031830900,"Census Tract 8309, Cook County, Illinois",2877,CHI
831000,17031831000,"Census Tract 8310, Cook County, Illinois",2138,CHI
831100,17031831100,"Census Tract 8311, Cook County, Illinois",7453,CHI
831200,17031831200,"Census Tract 8312, Cook County, Illinois",5021,CHI
831300,17031831300,"Census Tract 8313, Cook County, Illinois",1280,CHI
831400,17031831400,"Census Tract 8314, Cook County, Illinois",2964,CHI
831500,17031831500,"Census Tract 8315, Cook County, Illinois",4079,CHI
831600,17031831600,"Census Tract 8316, Cook County, Illinois",7270,CHI
831700,17031831700,"Census Tract 8317, Cook County, Illinois",2075,CHI
831800,17031831800,"Census Tract 8318, Cook County, Illinois",6322,CHI
831900,17031831900,"Census Tract 8319, Cook County, Illinois",2717,CHI
832000,17031832000,"Census Tract 8320, Cook County, Illinois",1798,CHI
832100,17031832100,"Census Tract 8321, Cook County, Illinois",3297,CHI
832200,17031832200,"Census Tract 8322, Cook County, Illinois",2940,CHI
832300,17031832300,"Census Tract 8323, Cook County, Illinois",1870,CHI
832400,17031832400,"Census Tract 8324, Cook County, Illinois",3181,CHI
832500,17031832500,"Census Tract 8325, Cook County, Illinois",3606,CHI
832600,17031832600,"Census Tract 8326, Cook County, Illinois",3727,CHI
832900,17031832900,"Census Tract 8329, Cook County, Illinois",2212,CHI
833000,17031833000,"Census Tract 8330, Cook County, Illinois",2768,CHI
833100,17031833100,"Census Tract 8331, Cook County, Illinois",6895,CHI
833300,17031833300,"Census Tract 8333, Cook County, Illinois",2278,CHI
833900,17031833900,"Census Tract 8339, Cook County, Illinois",2714,CHI
834000,17031834000,"Census Tract 8340, Cook County, Illinois",3632,CHI
834200,17031834200,"Census Tract 8342, Cook County, Illinois",4944,CHI
834300,17031834300,"Census Tract 8343, Cook County, Illinois",6570,CHI
834400,17031834400,"Census Tract 8344, Cook County, Illinois",3772,CHI
834500,17031834500,"Census Tract 8345, Cook County, Illinois",1475,CHI
834600,17031834600,"Census Tract 8346, Cook County, Illinois",3778,CHI
834700,17031834700,"Census Tract 8347, Cook County, Illinois",2078,CHI
834800,17031834800,"Census Tract 8348, Cook County, Illinois",1953,CHI
834900,17031834900,"Census Tract 8349, Cook County, Illinois",2272,CHI
835000,17031835000,"Census Tract 8350, Cook County, Illinois",5778,CHI
835100,17031835100,"Census Tract 8351, Cook County, Illinois",5369,CHI
835200,17031835200,"Census Tract 8352, Cook County, Illinois",2060,CHI
835500,17031835500,"Census Tract 8355, Cook County, Illinois",1677,CHI
835600,17031835600,"Census Tract 8356, Cook County, Illinois",1199,CHI
835700,17031835700,"Census Tract 8357, Cook County, Illinois",0,CHI
835800,17031835800,"Census Tract 8358, Cook County, Illinois",1576,CHI
835900,17031835900,"Census Tract 8359, Cook County, Illinois",3271,CHI
836000,17031836000,"Census Tract 8360, Cook County, Illinois",2177,CHI
836100,17031836100,"Census Tract 8361, Cook County, Illinois",1761,CHI
836200,17031836200,"Census Tract 8362, Cook County, Illinois",1529,CHI
836300,17031836300,"Census Tract 8363, Cook County, Illinois",1288,CHI
836400,17031836400,"Census Tract 8364, Cook County, Illinois",2979,CHI
836500,17031836500,"Census Tract 8365, Cook County, Illinois",1496,CHI
836600,17031836600,"Census Tract 8366, Cook County, Illinois",2997,CHI
836700,17031836700,"Census Tract 8367, Cook County, Illinois",2397,CHI
836800,17031836800,"Census Tract 8368, Cook County, Illinois",2661,CHI
836900,17031836900,"Census Tract 8369, Cook County, Illinois",1442,CHI
837000,17031837000,"Census Tract 8370, Cook County, Illinois",2085,CHI
837100,17031837100,"Census Tract 8371, Cook County, Illinois",1819,CHI
837300,17031837300,"Census Tract 8373, Cook County, Illinois",2483,CHI
837400,17031837400,"Census Tract 8374, Cook County, Illinois",2279,CHI
837800,17031837800,"Census Tract 8378, Cook County, Illinois",2796,CHI
838000,17031838000,"Census Tract 8380, Cook County, Illinois",2561,CHI
838100,17031838100,"Census Tract 8381, Cook County, Illinois",1713,CHI
838200,17031838200,"Census Tract 8382, Cook County, Illinois",1578,CHI
838300,17031838300,"Census Tract 8383, Cook County, Illinois",1631,CHI
838600,17031838600,"Census Tract 8386, Cook County, Illinois",1598,CHI
838700,17031838700,"Census Tract 8387, Cook County, Illinois",4484,CHI
838800,17031838800,"Census Tract 8388, Cook County, Illinois",3233,CHI
839000,17031839000,"Census Tract 8390, Cook County, Illinois",7311,CHI
839100,17031839100,"Census Tract 8391, Cook County, Illinois",4350,CHI
839200,17031839200,"Census Tract 8392, Cook County, Illinois",2545,CHI
839500,17031839500,"Census Tract 8395, Cook County, Illinois",1545,CHI
839600,17031839600,"Census Tract 8396, Cook County, Illinois",1952,CHI
839700,17031839700,"Census Tract 8397, Cook County, Illinois",4326,CHI
839800,17031839800,"Census Tract 8398, Cook County, Illinois",2730,CHI
839900,17031839900,"Census Tract 8399, Cook County, Illinois",4080,CHI
840000,17031840000,"Census Tract 8400, Cook County, Illinois",2695,CHI
840100,17031840100,"Census Tract 8401, Cook County, Illinois",2935,CHI
840200,17031840200,"Census Tract 8402, Cook County, Illinois",2338,CHI
840300,17031840300,"Census Tract 8403, Cook County, Illinois",3950,CHI
840400,17031840400,"Census Tract 8404, Cook County, Illinois",3326,CHI
840700,17031840700,"Census Tract 8407, Cook County, Illinois",4249,CHI
840800,17031840800,"Census Tract 8408, Cook County, Illinois",3716,CHI
841000,17031841000,"Census Tract 8410, Cook County, Illinois",849,CHI
841100,17031841100,"Census Tract 8411, Cook County, Illinois",7254,CHI
841200,17031841200,"Census Tract 8412, Cook County, Illinois",5262,CHI
841300,17031841300,"Census Tract 8413, Cook County, Illinois",4463,CHI
841400,17031841400,"Census Tract 8414, Cook County, Illinois",1559,CHI
841500,17031841500,"Census Tract 8415, Cook County, Illinois",2962,CHI
841600,17031841600,"Census Tract 8416, Cook County, Illinois",1166,CHI
841700,17031841700,"Census Tract 8417, Cook County, Illinois",1442,CHI
841800,17031841800,"Census Tract 8418, Cook County, Illinois",2505,CHI
841900,17031841900,"Census Tract 8419, Cook County, Illinois",4865,CHI
842000,17031842000,"Census Tract 8420, Cook County, Illinois",2744,CHI
842100,17031842100,"Census Tract 8421, Cook County, Illinois",6731,CHI
842200,17031842200,"Census Tract 8422, Cook County, Illinois",2603,CHI
842300,17031842300,"Census Tract 8423, Cook County, Illinois",3244,CHI
842400,17031842400,"Census Tract 8424, Cook County, Illinois",3304,CHI
842500,17031842500,"Census Tract 8425, Cook County, Illinois",2451,CHI
842600,17031842600,"Census Tract 8426, Cook County, Illinois",4133,CHI
842800,17031842800,"Census Tract 8428, Cook County, Illinois",7498,CHI
842900,17031842900,"Census Tract 8429, Cook County, Illinois",2341,CHI
843000,17031843000,"Census Tract 8430, Cook County, Illinois",2378,CHI
843100,17031843100,"Census Tract 8431, Cook County, Illinois",1892,CHI
843200,17031843200,"Census Tract 8432, Cook County, Illinois",2780,CHI
843300,17031843300,"Census Tract 8433, Cook County, Illinois",1228,CHI
843400,17031843400,"Census Tract 8434, Cook County, Illinois",1451,CHI
843500,17031843500,"Census Tract 8435, Cook County, Illinois",11309,CHI
843600,17031843600,"Census Tract 8436, Cook County, Illinois",2807,CHI
843700,17031843700,"Census Tract 8437, Cook County, Illinois",2117,CHI
843800,17031843800,"Census Tract 8438, Cook County, Illinois",2110,CHI
843900,17031843900,"Census Tract 8439, Cook County, Illinois",3533,CHI
980000,17031980000,"Census Tract 9800, Cook County, Illinois",0,CHI
980100,17031980100,"Census Tract 9801, Cook County, Illinois",0,CHI
990000,17031990000,"Census Tract 9900, Cook County, Illinois",0,CHI
